timestamp,slug,task_id,aspect,count,dest,prompt
2026-04-26T02:07:49,dalewatch_marches__zone,019dc6e5-db2e-750b-85d1-8e2ca62b6d0b,1:1,1,assets/meshy/dalewatch_marches__zone,"wide establishing landscape, late-medieval Burgundian river valley, stone keep on a low ridge above tilled fields, kingsroad winding past mills, distant marsh on the eastern horizon, summer dusk warm gold-hour light, painterly atmospheric, no figures, no characters"
2026-04-26T02:19:35,dalewatch_marches__zone,019dc6f0-5b6b-751a-9ac1-6eb6faba990f,1:1,2,assets/meshy/dalewatch_marches__zone,"wide establishing landscape, late-medieval Burgundian river valley, stone keep on a low ridge above tilled fields, kingsroad winding past mills, distant marsh on the eastern horizon, summer dusk warm gold-hour light, painterly atmospheric, no figures, no characters"
2026-04-26T02:20:22,dalewatch_marches__dalewatch_keep,019dc6f0-feef-755e-8720-342a13604870,1:1,2,assets/meshy/dalewatch_marches__dalewatch_keep,"establishing shot, late-medieval Burgundian curtain wall and gatehouse, heraldic banners over the gate, packed muster yard, stone forge smoke, dawn warm gold light, painterly atmospheric, no figures, no characters"
2026-04-26T02:20:50,dalewatch_marches__ford_of_ashmere,019dc6f1-b5b3-7fa3-866f-8057320afe6d,1:1,2,assets/meshy/dalewatch_marches__ford_of_ashmere,"establishing shot, forward earthwork camp at a wide shallow river ford, picket fences and timber palisade, distant mist on the far bank, dusk overcast cool light, watchfires, painterly atmospheric, late-medieval Burgundian, no figures"
2026-04-26T02:23:20,dalewatch_marches__harriers_rest,019dc6f2-2488-7fc1-b977-ea7f67d059c4,1:1,2,assets/meshy/dalewatch_marches__harriers_rest,"establishing shot, small wooden roadside chapel with bell tower, modest hostel beside it, upland scrub and dark pines, overcast afternoon, lantern by the door, painterly atmospheric, late-medieval Burgundian, no figures"
2026-04-26T02:23:53,dalewatch_marches__kingsroad_waypost,019dc6f4-6dd8-7057-81f0-2868d9a52565,1:1,2,assets/meshy/dalewatch_marches__kingsroad_waypost,"establishing shot, small timber patrol cabin beside a paved kingsroad at dusk, single hanging lantern, courier post sign, autumn rain in the distance, painterly atmospheric, late-medieval Burgundian, no figures"
2026-04-26T02:24:40,dalewatch_marches__miller_crossing,019dc6f4-ee0e-705d-94ca-49e1631189e4,1:1,2,assets/meshy/dalewatch_marches__miller_crossing,"establishing shot, low stone arch bridge over a slow river, working timber grain mill with waterwheel, packed thatched steadings, late-afternoon golden light, painterly atmospheric, late-medieval Burgundian, no figures"
2026-04-26T02:27:36,dalewatch_marches__zone,019dc6f7-b435-70e9-99ec-dfa72ecc89ff,1:1,1,assets/meshy/dalewatch_marches__zone,"wide establishing landscape, late-medieval Burgundian river valley, stone keep on a low ridge above tilled fields, kingsroad winding past mills, distant marsh on the eastern horizon, summer dusk warm gold-hour light, painterly atmospheric, no figures, no characters"
2026-04-26T02:28:05,dalewatch_marches__dalewatch_keep,019dc6f8-577b-70f2-af83-72849d6b88a5,1:1,1,assets/meshy/dalewatch_marches__dalewatch_keep,"establishing shot, late-medieval Burgundian curtain wall and gatehouse, heraldic banners over the gate, packed muster yard, stone forge smoke, dawn warm gold light, painterly atmospheric, no figures, no characters"
2026-04-26T02:28:47,dalewatch_marches__ford_of_ashmere,019dc6f8-c642-7126-8684-be2c91474272,1:1,1,assets/meshy/dalewatch_marches__ford_of_ashmere,"establishing shot, forward earthwork camp at a wide shallow river ford, picket fences and timber palisade, distant mist on the far bank, dusk overcast cool light, watchfires, painterly atmospheric, late-medieval Burgundian, no figures"
2026-04-26T02:30:27,dalewatch_marches__harriers_rest,019dc6f9-69c1-712a-b4f5-3b64dc10fcba,1:1,1,assets/meshy/dalewatch_marches__harriers_rest,"establishing shot, small wooden roadside chapel with bell tower, modest hostel beside it, upland scrub and dark pines, overcast afternoon, lantern by the door, painterly atmospheric, late-medieval Burgundian, no figures"
2026-04-26T02:31:22,dalewatch_marches__kingsroad_waypost,019dc6fa-f1cc-7dfd-9b52-6a9be5c6a614,1:1,1,assets/meshy/dalewatch_marches__kingsroad_waypost,"establishing shot, small timber patrol cabin beside a paved kingsroad at dusk, single hanging lantern, courier post sign, autumn rain in the distance, painterly atmospheric, late-medieval Burgundian, no figures"
2026-04-26T02:33:07,dalewatch_marches__miller_crossing,019dc6fb-ca12-71df-8b47-5aef60d5894a,1:1,1,assets/meshy/dalewatch_marches__miller_crossing,"establishing shot, low stone arch bridge over a slow river, working timber grain mill with waterwheel, packed thatched steadings, late-afternoon golden light, painterly atmospheric, late-medieval Burgundian, no figures"
2026-04-26T02:58:26,biome__ashland,019dc714-3324-7220-afee-6688c93bbafb,1:1,1,assets/meshy/biome__ashland,"wide establishing landscape, volcanic ash plain, soot-streaked rock, scorched dead pines, distant smoking pit-vents, low orange sky, painterly atmospheric, dim mood, no figures, no characters"
2026-04-26T02:59:12,biome__coastal_cliff,019dc714-904f-7b67-b480-af35759d9e81,1:1,1,assets/meshy/biome__coastal_cliff,"wide establishing landscape, sheer dark sea cliffs above a storm-battered shingle beach, salt-spray, low grey sky, distant storm front, painterly atmospheric, no figures, no characters"
2026-04-26T02:59:41,biome__fjord,019dc715-4548-774b-9c56-cabd77710d66,1:1,1,assets/meshy/biome__fjord,"wide establishing landscape, narrow cold fjord between dark pine cliffs, longship at anchor in the foreground, dawn mist on black water, painterly atmospheric, late-medieval, no figures"
2026-04-26T03:01:44,biome__highland,019dc715-b3f4-7760-8011-555dc697ea69,1:1,1,assets/meshy/biome__highland,"wide establishing landscape, forested highlands of pine and heather, rolling grey fog over a windswept ridge, distant crags, overcast afternoon light, painterly atmospheric, no figures"
2026-04-26T03:02:12,biome__marshland,019dc717-9405-77a9-8905-c2ea9772c00d,1:1,1,assets/meshy/biome__marshland,"wide establishing landscape, mist-bound marshland of sedge and black water, half-submerged plank walkway, dead trees, low pale dawn light, painterly atmospheric, no figures"
2026-04-26T03:02:40,biome__mountain,019dc718-02cb-728b-bab1-d37f43ad1bf1,1:1,1,assets/meshy/biome__mountain,"wide establishing landscape, snow-capped alpine peaks, glacier valley, ancient collapsed stone watchtower in the foreground, blizzard-haze, cold blue light, painterly atmospheric, no figures"
2026-04-26T03:03:27,biome__river_valley,019dc718-7162-7e52-b497-58e1116a0871,1:1,1,assets/meshy/biome__river_valley,"wide establishing landscape, late-medieval Burgundian river valley with hedgerow fields, stone bridge over a slow river, distant church steeple, summer golden hour, painterly atmospheric, no figures"
2026-04-26T03:04:26,biome__ruin,019dc719-26b4-7e5f-8a95-8059e55f0f60,1:1,1,assets/meshy/biome__ruin,"wide establishing landscape, blasted ruin-line of broken stone and ash, leaning shattered watchtower, char-thistle in the cracks, sickly green-grey sky, oppressive mood, painterly atmospheric, no figures"
2026-04-26T03:05:27,biome__temperate_forest,019dc71a-107e-780a-87a0-70ce007e94e5,1:1,1,assets/meshy/biome__temperate_forest,"wide establishing landscape, deep oak and hazel forest in summer, dappled gold-hour shafts of light, fern undergrowth, deer trail winding between trunks, painterly atmospheric, no figures"
2026-04-26T03:23:34,dalewatch_marches__old_brenns_croft,019dc72a-b98c-75d2-853a-071a6cb37ffe,1:1,1,assets/meshy/dalewatch_marches__old_brenns_croft,"establishing shot, single weathered timber farmhouse with three small barns, sheep grazing, low ridge in the background, late afternoon overcast light, painterly atmospheric, late-medieval, no figures"
2026-04-26T03:28:22,dalewatch_marches__dalewatch_reed_brake,019dc72f-aca9-771b-b222-afb6e2795a94,1:1,1,assets/meshy/dalewatch_marches__dalewatch_reed_brake,"establishing shot, shallow reed marsh on a slow river bend, mist rising from black water, abandoned thatch fisher hut on stilts, dawn cool light, painterly atmospheric, no figures"
2026-04-26T03:28:26,dalewatch_marches__drifters_lair,019dc72f-aca3-72f6-9f9b-0a02d8228154,1:1,1,assets/meshy/dalewatch_marches__drifters_lair,"establishing shot, cave entrance in a marsh edged with carved stone and a broken ward-circle, lantern at the threshold, low fog over black water, painterly atmospheric, oppressive mood, no figures"
2026-04-26T03:28:27,dalewatch_marches__blackwash_fens,019dc72f-acae-7b75-997e-4b52353518e6,1:1,1,assets/meshy/dalewatch_marches__blackwash_fens,"establishing shot, deep mist-bound black-water fen, broken sedge islands, twisted dead trees, sickly green twilight, oppressive atmosphere, painterly, no figures, no characters"
2026-04-26T03:28:27,dalewatch_marches__sidlow_cairn,019dc72f-acb5-771b-a745-a4b6b91d6879,1:1,1,assets/meshy/dalewatch_marches__sidlow_cairn,"establishing shot, low turf-covered barrow mounds on a windswept ridge, weathered standing slabs, scattered crows, twilight cold light, oppressive mood, painterly atmospheric, no figures"
2026-04-26T03:28:27,dalewatch_marches__old_brenns_croft,019dc72f-acae-771b-95ad-c9063a0d1acf,1:1,1,assets/meshy/dalewatch_marches__old_brenns_croft,"establishing shot, single weathered timber farmhouse with three small barns, sheep grazing, low ridge in the background, late afternoon overcast light, painterly atmospheric, late-medieval, no figures"
2026-04-26T03:28:27,dungeon__drifters_lair,019dc72f-aca6-704f-9d63-523fc4e5ae13,1:1,1,assets/meshy/dungeon__drifters_lair,"establishing shot, dungeon interior, low-vaulted carved stone chamber lit by a single ritual brazier, Drifter wards painted on the walls, mist seeping from the floor, painterly atmospheric, oppressive mood, no figures"
2026-04-26T03:29:39,dalewatch_marches__thornroot_grove,019dc72f-acb0-704f-9114-55e1c0b4b209,1:1,1,assets/meshy/dalewatch_marches__thornroot_grove,"establishing shot, ancient oak grove around a black standing stone and a cold spring, small fire under the central tree, dappled overcast light, painterly atmospheric, no figures"
2026-04-26T03:29:39,dalewatch_marches__copperstep_mine,019dc72f-acb5-771c-8fe5-4334835cc155,1:1,1,assets/meshy/dalewatch_marches__copperstep_mine,"establishing shot, abandoned copper mine entrance cut into a hillside, broken winch and rotted timber, scattered ore tailings, overcast cold light, painterly atmospheric, late-medieval, no figures"
2026-04-26T03:37:54,boss__master_drifter_halen,019dc737-c76e-7899-9609-9d86d13c45c4,1:1,1,assets/meshy/boss__master_drifter_halen,"portrait, single subject, late-medieval Drifter mage, scarred middle-aged man, salvaged dark robes, bone medallion at his neck, fire conjured at one hand, smoke trailing past his shoulders, painterly atmospheric, oppressive mood, isolated subject, no other figures"
2026-04-26T03:39:39,boss__grand_drifter_valenn,019dc739-eda4-745d-b36d-6dd960cb30ca,1:1,1,assets/meshy/boss__grand_drifter_valenn,"portrait, single subject, late-medieval Drifter archmage, gaunt figure in ceremonial robes with a brine-stained hood, runic ritual circle on the floor at his feet, dim ritual brazier behind him, painterly atmospheric, oppressive mood, isolated subject, no other figures"
2026-04-26T04:27:20,dalewatch_marches__zone,019dc765-97e8-71e5-be96-9a48be306c8f,1:1,1,assets/meshy/dalewatch_marches__zone,"wide establishing landscape, late-medieval Burgundian river valley, stone keep on a low ridge above tilled fields, kingsroad winding past mills, distant marsh on the eastern horizon, summer dusk warm gold-hour light, painterly atmospheric, no figures, no characters"
2026-04-26T04:27:20,dalewatch_marches__ford_of_ashmere,019dc765-97e7-758a-a7cf-2cb2abc33f51,1:1,1,assets/meshy/dalewatch_marches__ford_of_ashmere,"establishing shot, forward earthwork camp at a wide shallow river ford, picket fences and timber palisade, distant mist on the far bank, dusk overcast cool light, watchfires, painterly atmospheric, late-medieval Burgundian, no figures"
2026-04-26T04:27:20,dalewatch_marches__kingsroad_waypost,019dc765-97d7-71e5-bc2c-24de9f6d3e02,1:1,1,assets/meshy/dalewatch_marches__kingsroad_waypost,"establishing shot, small timber patrol cabin beside a paved kingsroad at dusk, single hanging lantern, courier post sign, autumn rain in the distance, painterly atmospheric, late-medieval Burgundian, no figures"
2026-04-26T04:32:01,frost_spine__frost_gate,019dc769-f0bf-7d01-9915-05c59e176f77,1:1,1,assets/meshy/frost_spine__frost_gate,"establishing shot, alpine pass fortress at the lower edge of an iced mountain spine, stone curtain wall, snow on the upper crags, banners of the Concord, painterly atmospheric, late-medieval, no figures"
2026-04-26T04:32:01,barrow_coast__iron_barrow,019dc769-f0c2-7669-8933-8c3263797d8c,1:1,1,assets/meshy/barrow_coast__iron_barrow,"establishing shot, iron-banded fortress dug into a great turf-covered barrow above grey sea cliffs, salt-wind, low cold light, painterly atmospheric, late-medieval, no figures"
2026-04-26T04:32:01,blackwater_deep__black_eel_camp,019dc769-f0cf-766f-9ef9-e0893700fcdd,1:1,1,assets/meshy/blackwater_deep__black_eel_camp,"establishing shot, exile camp on a marsh knoll, scrap-built shelters and plank walkways, drying eel-racks, sickly green-grey twilight, painterly atmospheric, no figures"
2026-04-26T04:32:01,frost_spine__yeti_warren,019dc769-f0c1-7d03-81d9-4d12e3daeb9e,1:1,1,assets/meshy/frost_spine__yeti_warren,"establishing shot, alpine trapper outpost dug into a rockfall scar, log-and-stone shelter with bone trophies, snow on every flat surface, cold blue light, painterly atmospheric, late-medieval, no figures"
2026-04-26T04:32:02,greenwood_deep__deep_moot,019dc769-f51a-7670-9613-07ecfa512072,1:1,1,assets/meshy/greenwood_deep__deep_moot,"establishing shot, ancient Firland moot-hall built into a circle of massive fir trunks, deep green twilight, central hearth, painterly atmospheric, late-medieval fey, eerie mood, no figures"
2026-04-26T04:32:02,heartland_ride__flood_mill,019dc769-f539-7d03-800e-f9642533064a,1:1,1,assets/meshy/heartland_ride__flood_mill,"establishing shot, river-mill village with half-submerged lower buildings, working waterwheel, packed timber steadings, late afternoon warm grey light, painterly atmospheric, late-medieval, no figures"
2026-04-26T04:32:05,ashweald__ember_crossing,019dc769-f0bc-7d01-bbe2-d5d3487b9944,1:1,1,assets/meshy/ashweald__ember_crossing,"establishing shot, charred-forest crossroads with single inn and small chapel beside a traveller's well, banked embers in fire-rings, dim amber afternoon light, painterly atmospheric, late-medieval, no figures"
2026-04-26T04:32:05,ashen_holt__shadegrove_spire,019dc769-f0be-7d01-8bb3-4276b2492069,1:1,1,assets/meshy/ashen_holt__shadegrove_spire,"establishing shot, black basalt Darkling Elen spire above an ashen forest, iron-banded rings around the tower, dim amber-red light, painterly atmospheric, late-medieval dark elf, no figures"
2026-04-26T04:32:05,barrow_coast__silent_harbor,019dc769-f0c9-7ae3-8c36-ba429c804b21,1:1,1,assets/meshy/barrow_coast__silent_harbor,"establishing shot, working stone harbour cove under salt-wind cliffs, longships and fishing boats, small wind-cut chapel on the headland, leaden cold light, painterly atmospheric, late-medieval, no figures"
2026-04-26T04:32:05,firland_greenwood__greenmoot,019dc769-f0c8-7d03-8a00-2e11c56c46a1,1:1,1,assets/meshy/firland_greenwood__greenmoot,"establishing shot, Firland moot-glade beneath six massive living fir trunks, low woven seats around a central hearth, green twilight, dappled shafts of light, painterly atmospheric, late-medieval fey, no figures"
2026-04-26T04:32:05,gravewatch_fields__watch_crypt,019dc769-f0c1-7668-908e-3e8fb16432e4,1:1,1,assets/meshy/gravewatch_fields__watch_crypt,"establishing shot, Gravewrought necropolis-town, low barrow halls with thatched buildings on top, working harvest fields beside, salt wind, overcast cold light, painterly atmospheric, late-medieval, no figures"
2026-04-26T04:32:05,frost_spine__sundered_peak,019dc769-f0ca-766b-af9f-38f83c4e7ead,1:1,1,assets/meshy/frost_spine__sundered_peak,"establishing shot, sealed pre-Coming stone observatory at the icy summit of an alpine spine, blizzard haze, dim blue light, oppressive cold mood, painterly atmospheric, no figures"
2026-04-26T04:32:05,blackwater_deep__deepwater_redoubt,019dc769-f0ce-766d-b083-d432c6720506,1:1,1,assets/meshy/blackwater_deep__deepwater_redoubt,"establishing shot, weathered stone bunkhouse on a marsh edge, three timber watch-platforms above black water, leaden cold afternoon light, painterly atmospheric, oppressive mood, no figures"
2026-04-26T04:32:05,crown_of_ruin__throne_of_ash,019dc769-f0cc-766b-80ef-0f68ab924e59,1:1,1,assets/meshy/crown_of_ruin__throne_of_ash,"establishing shot, ruined throne-chamber interior, broken stone seat in drifts of ash, holes in the vaulted ceiling letting in cold light, oppressive mood, painterly atmospheric, late-medieval, no figures"
2026-04-26T04:32:05,crown_of_ruin__last_candle,019dc769-f0cf-7670-9637-5aba26828278,1:1,1,assets/meshy/crown_of_ruin__last_candle,"establishing shot, neutral stone hostel at the foot of a ruined fortress crown, lone candle in a window, low siege-camps in the distance, oppressive grey-amber twilight, painterly atmospheric, no figures"
2026-04-26T04:32:06,greenwood_deep__moss_cairn,019dc769-f521-7d03-8b67-1f4feb3e69d0,1:1,1,assets/meshy/greenwood_deep__moss_cairn,"establishing shot, Firland forest outpost beside an ancient mossy stone cairn, weathered timber lodges, dim green light, painterly atmospheric, late-medieval fey, eerie mood, no figures"
2026-04-26T04:32:06,greenwood_deep__wyrd_tarn,019dc769-f52f-7670-aa62-38a40d01e252,1:1,1,assets/meshy/greenwood_deep__wyrd_tarn,"establishing shot, black still-water tarn ringed by ancient stones in deep forest, mist on the water, eerie green-grey light, painterly atmospheric, late-medieval fey, no figures"
2026-04-26T04:32:06,heartland_ride__ride_crossroads,019dc769-f52e-7ae3-8594-699af842812d,1:1,1,assets/meshy/heartland_ride__ride_crossroads,"establishing shot, Concord crossroads with stone tower post-station, four kingsroads meeting on a wedge of farmland, busy horse-yard, summer late afternoon golden light, painterly atmospheric, late-medieval Burgundian, no figures"
2026-04-26T04:32:06,gravewatch_fields__lich_weep,019dc769-f513-7670-833d-12fcba3b272d,1:1,1,assets/meshy/gravewatch_fields__lich_weep,"establishing shot, sprawling Gravewrought necropolis on a windswept turf field, leaning carved markers, low banked ritual fires that never go out, oppressive grey-green light, painterly atmospheric, late-medieval, no figures"
2026-04-26T04:32:06,greenwood_deep__hunter_leanto,019dc769-f52c-7670-bf50-f7476dbb586d,1:1,1,assets/meshy/greenwood_deep__hunter_leanto,"establishing shot, woodland trapper's lean-to under giant fir trees, smoke-rack, weathered notice board, dappled twilight, painterly atmospheric, late-medieval, no figures"
2026-04-26T04:32:20,heartland_ride__bandit_watchtower,019dc76a-3c3a-7ae6-8678-24d4637be0a9,1:1,1,assets/meshy/heartland_ride__bandit_watchtower,"establishing shot, square Concord stone watchtower on a low ridge, bandit-banners hung from the parapet, ditch and stockade earthwork around the base, overcast afternoon, painterly atmospheric, late-medieval, no figures"
2026-04-26T04:32:24,iron_strand__old_lighthouse,019dc76a-3cba-767f-b113-35564b25f5b5,1:1,1,assets/meshy/iron_strand__old_lighthouse,"establishing shot, ruined cliff-top lighthouse, leaning tower with broken lamp-room, raider-banners on the parapet, leaden storm light, painterly atmospheric, no figures"
2026-04-26T04:32:24,iron_strand__strand_redoubt,019dc76a-3cb3-767f-b9df-42e88c41fb74,1:1,1,assets/meshy/iron_strand__strand_redoubt,"establishing shot, square stone redoubt on a sheer cliff-top above a grey sea, gun-port loopholes, Concord banner snapping in salt wind, painterly atmospheric, late-medieval, no figures"
2026-04-26T04:32:25,irongate_pass__irongate_keep,019dc76a-407a-72ba-b6a6-d220b1853316,1:1,1,assets/meshy/irongate_pass__irongate_keep,"establishing shot, mountain pass keep at a switchback, stone curtain wall and customs hall, snow on the upper slopes, banners of two factions side by side, painterly atmospheric, late-medieval, no figures"
2026-04-26T04:32:26,irongate_pass__snowline_camp,019dc76a-4243-7ae6-a728-ef9b17eadb4e,1:1,1,assets/meshy/irongate_pass__snowline_camp,"establishing shot, mountain-pass shelter camp at the snowline, turf-roofed huts and a stone forge, distant ice-crowned peaks, cold blue afternoon light, painterly atmospheric, late-medieval, no figures"
2026-04-26T04:32:29,iron_strand__wreckshore,019dc76a-3c4a-7d0f-89ae-d03de62f4c33,1:1,1,assets/meshy/iron_strand__wreckshore,"establishing shot, wrecker fishing village on a wreck-strewn shingle beach beneath sheer dark cliffs, smoke from drying-houses, leaden cold light, painterly atmospheric, late-medieval, no figures"
2026-04-26T04:32:30,ruin_line_north__no_man_ridge,019dc76a-525c-7d23-8999-6cd4e6cc3e02,1:1,1,assets/meshy/ruin_line_north__no_man_ridge,"establishing shot, lone stone watch-house on a windswept ridge between two distant trench-camps, rope-bridge to either side, sickly amber-green sky, painterly atmospheric, late-medieval, no figures"
2026-04-26T04:32:30,ruin_line_south__two_kings_field,019dc76a-5263-767f-8a0a-35528af4716d,1:1,1,assets/meshy/ruin_line_south__two_kings_field,"establishing shot, turf earthwork outpost above an old battle field, half-buried banners and broken weapons in the grass, lone roadside chapel, oppressive grey light, painterly atmospheric, late-medieval, no figures"
2026-04-26T04:32:31,ruin_line_south__southscar_camp,019dc76a-5271-7d23-be15-e5b2d47f8668,1:1,1,assets/meshy/ruin_line_south__southscar_camp,"establishing shot, contested way-station camp on a blasted scarland road, two-flag bunkhouses around a shared bell-post, leaden grey-amber light, painterly atmospheric, late-medieval, no figures"
2026-04-26T04:32:43,pact_causeway__oath_pillar,019dc76a-4e48-72bb-a6d4-e30338f0e9f1,1:1,1,assets/meshy/pact_causeway__oath_pillar,"establishing shot, ancient Kharun oath-pillar shrine on a high steppe ridge, half-uncovered buried reliquary stones, wind-driven cloud shadows, leaden cold light, painterly atmospheric, late-medieval, no figures"
2026-04-26T04:32:51,market_crossing__old_river_watch,019dc76a-4e29-72ba-a02e-d6da0043bc2d,1:1,1,assets/meshy/market_crossing__old_river_watch,"establishing shot, pre-Concord stone river fortress on a bend of a slow river, half-overgrown walls, smugglers' boats moored below, twilight grey-amber light, painterly atmospheric, late-medieval, no figures"
2026-04-26T04:32:52,market_crossing__silver_caravanserai,019dc76a-4e2c-72bb-9ec0-ef9b5b029897,1:1,1,assets/meshy/market_crossing__silver_caravanserai,"establishing shot, walled trade caravanserai compound, stables and warehouses around an open court, banners and drying spices, dusty late afternoon light, painterly atmospheric, late-medieval, no figures"
2026-04-26T04:32:53,ruin_line_north__burned_abbey,019dc76a-525b-7d22-aa0a-5bb633e65ffd,1:1,1,assets/meshy/ruin_line_north__burned_abbey,"establishing shot, ruined Concord stone abbey blackened by fire, half-collapsed cloister, char-thistle in the courtyard, oppressive grey-green sky, painterly atmospheric, no figures"
2026-04-26T04:32:57,ruin_line_south__sunken_tower,019dc76a-87b9-7684-a55e-8310289bd511,1:1,1,assets/meshy/ruin_line_south__sunken_tower,"establishing shot, half-submerged Sunward Elen arcane spire in a salt marsh, leaning broken pinnacle, sickly blue-green glow at the water level, oppressive twilight, painterly atmospheric, late-medieval, no figures"
2026-04-26T04:32:58,scrap_flats__scavenger_mound,019dc76a-9d7a-7af2-9367-b05cabaaadc4,1:1,1,assets/meshy/scrap_flats__scavenger_mound,"establishing shot, Skrel scavenger mound camp on a marsh flat, salvaged metal sheds and tarps, vat-tanks of acid, low pale light, painterly atmospheric, no figures"
2026-04-26T04:33:01,pactmarch__pactstone_hold,019dc76a-4e77-767f-90ce-aeb51531f46d,1:1,1,assets/meshy/pactmarch__pactstone_hold,"establishing shot, Kharun stone hold on a steppe ridge, low curtain wall around a central pactstone monument, windswept grasslands, overcast cool light, painterly atmospheric, late-medieval steppe, no figures"
2026-04-26T04:33:02,scrap_marsh__junk_warren,019dc76a-aae9-72d1-9614-cceac1f5e389,1:1,1,assets/meshy/scrap_marsh__junk_warren,"establishing shot, sprawling Skrel scrap-mound town, warren entrances dug into rusted metal hill, plank walkways, sickly green alchemical smoke, low pale light, painterly atmospheric, no figures"
2026-04-26T04:33:03,shadegrove__shadegrove_reach,019dc76a-af88-7d33-87d8-477470d35837,1:1,1,assets/meshy/shadegrove__shadegrove_reach,"establishing shot, black-iron Darkling Elen fortress on a sheer crag above silver-ash forest, obsidian banners, sickly amber-red dusk, painterly atmospheric, late-medieval dark elf, no figures"
2026-04-26T04:33:05,pact_causeway__stone_reader,019dc76a-4e44-7ae8-bc6f-011d73d8ee08,1:1,1,assets/meshy/pact_causeway__stone_reader,"establishing shot, Kharun scribal outpost beside a row of carved oath-pillars on a stone causeway, three small yurts, ink stones and weighted scrolls, overcast cool light, painterly atmospheric, late-medieval steppe, no figures"
2026-04-26T04:33:13,shadegrove__cinder_post,019dc76a-b268-7685-8dfd-d209d2685c16,1:1,1,assets/meshy/shadegrove__cinder_post,"establishing shot, ash-forest outpost on volcanic soil, turf-roofed shelters, smithy with banked red coals, dim amber afternoon light, painterly atmospheric, late-medieval dark elf, no figures"
2026-04-26T04:33:33,shadegrove__dark_glade,019dc76a-e015-72d3-a86d-7d86ab0587e3,1:1,1,assets/meshy/shadegrove__dark_glade,"establishing shot, ash-forest glade with a half-buried shadow-shrine, banked obsidian fire, hanging silver leaves, sickly amber dusk, painterly atmospheric, oppressive mood, no figures"
2026-04-26T04:33:33,silverleaf_wood__moth_hollow,019dc76b-03bc-7afe-9407-75200298c2bd,1:1,1,assets/meshy/silverleaf_wood__moth_hollow,"establishing shot, twilight forest clearing with thatched lodges, a sky full of slow-flying pale moths, lantern lights in the trees, painterly atmospheric, late-medieval high-elf, no figures"
2026-04-26T04:33:36,skarnreach__bloodwater_landing,019dc76b-2f95-769c-9398-f4d79ccb29b1,1:1,1,assets/meshy/skarnreach__bloodwater_landing,"establishing shot, working Skarn shipwright quay at the foot of basalt cliffs, half-built longships on stocks, smoke from forge fires, cold afternoon pewter light, painterly atmospheric, late-medieval viking, no figures"
2026-04-26T04:33:38,skarncamp_wastes__salt_watch,019dc76b-2704-72d6-beb2-327d472fbf75,1:1,1,assets/meshy/skarncamp_wastes__salt_watch,"establishing shot, Skarn salt-watch tower on a basalt headland above the sea, single inn beside, salt-rust weathering on stone, cold dusk light, painterly atmospheric, late-medieval viking, no figures"
2026-04-26T04:33:40,skarncamp_wastes__war_stake,019dc76b-1d8e-7d3f-9c57-28d1a85feb8a,1:1,1,assets/meshy/skarncamp_wastes__war_stake,"establishing shot, Skarn raid-staging camp on a basalt shoreline, timber palisade and earthwork, longships at low-tide stocks, dim leaden light, painterly atmospheric, late-medieval viking, no figures"
2026-04-26T04:33:42,ruin_line_north__scarhold,019dc76a-521e-72bb-a37d-c51304d597bc,1:1,1,assets/meshy/ruin_line_north__scarhold,"establishing shot, contested stone way-fort at the edge of a blasted ruin-line, two faction banners flying side by side, broken bell-tower, sickly grey-green sky, painterly atmospheric, late-medieval, no figures"
2026-04-26T04:33:42,silverleaf_wood__silverleaf_lodge,019dc76b-032a-7697-a9c2-bbfda9ba3621,1:1,1,assets/meshy/silverleaf_wood__silverleaf_lodge,"establishing shot, ancient Sunward Elen lodge built into three silver birch trunks, glowing horn-glass windows, twilight forest, painterly atmospheric, late-medieval high-elf, no figures"
2026-04-26T04:33:44,skarncamp_wastes__ravenmeet,019dc76b-1961-7afe-9851-8fe84a3cba3d,1:1,1,assets/meshy/skarncamp_wastes__ravenmeet,"establishing shot, Skarn longhall on a basalt headland between two cold fjord arms, longships drawn up below, smoke from braziers, leaden afternoon light, painterly atmospheric, late-medieval viking, no figures"
2026-04-26T04:33:44,skarnreach__skarn_longhall,019dc76b-2d94-769c-bb81-dae5c576d1f7,1:1,1,assets/meshy/skarnreach__skarn_longhall,"establishing shot, Skarn timber longhall with turf roof on a basalt headland above a fjord, longships moored below, salt mist, low pewter light, painterly atmospheric, late-medieval viking, no figures"
2026-04-26T04:33:47,stoneguard_deep__stoneguard_halls,019dc76b-3813-7afe-b456-8db23ecc6284,1:1,1,assets/meshy/stoneguard_deep__stoneguard_halls,"establishing shot, vast Hearthkin underground hall carved into granite, suspended forge-lamps, basalt columns, busy anvil-yards, warm forge glow, painterly atmospheric, late-medieval dwarven, no figures"
2026-04-26T04:33:50,market_crossing__crossing_freeport,019dc76a-4dc6-767f-82d6-40ace9be7833,1:1,1,assets/meshy/market_crossing__crossing_freeport,"establishing shot, late-medieval fortified river freeport, stone quays and warehouses, busy river barges, banners of multiple factions, golden afternoon light, painterly atmospheric, no figures"
2026-04-26T04:33:51,scrap_flats__great_warren,019dc76a-9991-7af2-9daa-71617c7ce3a6,1:1,1,assets/meshy/scrap_flats__great_warren,"establishing shot, vast Skrel under-warren capital under alchemical works, phosphor-fungus glow, scaffolded ventilation shafts, sickly green light, painterly atmospheric, no figures"
2026-04-26T04:33:59,pact_causeway__causeway_hold,019dc76a-4e3c-7ae8-b7fb-7fc63e9601d5,1:1,1,assets/meshy/pact_causeway__causeway_hold,"establishing shot, long stone causeway-hold along a steppe ridge, fortified gateways at intervals, banners and oath-pillars on each, overcast cool afternoon light, painterly atmospheric, late-medieval, no figures"
2026-04-26T04:33:59,pactmarch__scholar_camp,019dc76a-4eed-7ae8-8455-eea15b525660,1:1,1,assets/meshy/pactmarch__scholar_camp,"establishing shot, Kharun scribal camp on a windswept steppe slope, three yurts and a stone reading table, ink stones and weighted scroll-cases, overcast afternoon light, painterly atmospheric, late-medieval steppe, no figures"
2026-04-26T04:34:00,scrap_flats__rust_creek,019dc76a-999e-7af2-b52b-050bed256ecd,1:1,1,assets/meshy/scrap_flats__rust_creek,"establishing shot, Skrel outpost beside a rust-red runoff creek, plank walkways and scrap shelters, sickly amber-green dusk, painterly atmospheric, no figures"
2026-04-26T04:34:06,scrap_marsh__trap_post,019dc76a-af4e-7685-ab07-386fff372e7f,1:1,1,assets/meshy/scrap_marsh__trap_post,"establishing shot, Skrel trap-post on a marsh road, warren entrance, scrap-built watchtower, half-rotten plank walkways, sickly amber dusk, painterly atmospheric, no figures"
2026-04-26T04:34:11,scrap_flats__pit_tinker,019dc76a-9f32-7685-af3f-dd3f8fcfe18e,1:1,1,assets/meshy/scrap_flats__pit_tinker,"establishing shot, vertical Skrel industrial pit complex, scaffold gantries and conveyor pits, vat-tanks of acid and steam, sickly green smoke columns, painterly atmospheric, no figures"
2026-04-26T04:34:11,sundering_mines__mineshaft_alpha,019dc76b-a723-7b06-83e3-402e9405c473,1:1,1,assets/meshy/sundering_mines__mineshaft_alpha,"establishing shot, deep mine gallery waypoint, stone bunkhouse cut into the wall, lantern-lit corridor, scaffold timbers, dim warm-cold light, painterly atmospheric, no figures"
2026-04-26T04:34:13,stoneguard_deep__anvilgate,019dc76b-55fb-7d45-832a-97009747b640,1:1,1,assets/meshy/stoneguard_deep__anvilgate,"establishing shot, mountain-rim Hearthkin outpost at the mouth of an under-hall, stone gatehouse, banked forge braziers, snow on the upper slopes, painterly atmospheric, late-medieval dwarven, no figures"
2026-04-26T04:34:38,ashen_holt__crow_pillar,019dc76b-db74-76ba-bd3d-1d17e7e1adde,1:1,1,assets/meshy/ashen_holt__crow_pillar,"establishing shot, single black basalt pillar in an ashen forest, crows on every branch and the pillar's cap, dim amber-red light, painterly atmospheric, late-medieval, no figures"
2026-04-26T04:34:38,sundering_mines__old_tunnel_camp,019dc76b-a6ab-76ae-9421-e65131419d73,1:1,1,assets/meshy/sundering_mines__old_tunnel_camp,"establishing shot, surface mining camp at the mouth of abandoned mountain tunnels, scaffolded shafts and stone chapel, leaden afternoon cold light, painterly atmospheric, late-medieval, no figures"
2026-04-26T04:34:39,irongate_pass__collapsed_forge,019dc76a-4db1-767f-b855-dde9c5796b6e,1:1,1,assets/meshy/irongate_pass__collapsed_forge,"establishing shot, scar of a collapsed Hearthkin forge in a mountainside, broken stone gateway venting smoke, abandoned scaffolds, leaden cold light, painterly atmospheric, late-medieval, no figures"
2026-04-26T04:34:40,ashen_holt__blackleaf_spring,019dc76b-d118-76ba-bbdf-1937666bc8c8,1:1,1,assets/meshy/ashen_holt__blackleaf_spring,"establishing shot, dark forest spring with faintly black water, mossy stones, dim sickly amber-red light, painterly atmospheric, late-medieval dark elf, no figures"
2026-04-26T04:34:40,sundering_mines__lightless_gallery,019dc76b-affb-76ae-81dd-091a97a8c09d,1:1,1,assets/meshy/sundering_mines__lightless_gallery,"establishing shot, vast unlit deep mining gallery, abandoned scaffolds and ore wagons, faint distant phosphorescence, oppressive dark mood, painterly atmospheric, no figures"
2026-04-26T04:34:43,barrow_coast__salt_pillars,019dc76c-25bd-72ec-aca3-af79b5e614f1,1:1,1,assets/meshy/barrow_coast__salt_pillars,"establishing shot, three weathered salt pillars on a windswept clifftop, crystallised salt-rime, leaden cold afternoon light, painterly atmospheric, late-medieval, no figures"
2026-04-26T04:34:45,ashweald__ember_pool,019dc76c-0a92-76ba-8d3d-94ff67b666e3,1:1,1,assets/meshy/ashweald__ember_pool,"establishing shot, black still-water pool in a charred forest, faint steam rising from the surface, sickly amber twilight, painterly atmospheric, no figures"
2026-04-26T04:34:47,ashweald__silver_fern_field,019dc76c-100f-72eb-8217-cebdef3ffd75,1:1,1,assets/meshy/ashweald__silver_fern_field,"establishing shot, field of pale silver ferns in a charred wood, dim amber-grey afternoon light, painterly atmospheric, no figures"
2026-04-26T04:34:59,barrow_coast__tide_carved_step,019dc76c-3fbe-76c0-8630-fc8a8cde9f04,1:1,1,assets/meshy/barrow_coast__tide_carved_step,"establishing shot, narrow natural staircase carved into a sea cliff by tide action, weathered stone steps, salt-spray, cold afternoon grey light, painterly atmospheric, late-medieval, no figures"
2026-04-26T04:35:03,ashweald__leaning_pyre_stone,019dc76c-0b61-7d54-ab3f-6850870b18e8,1:1,1,assets/meshy/ashweald__leaning_pyre_stone,"establishing shot, leaning ancient pyre-stone in a charred forest clearing, scorched soil at its base, sickly amber-grey light, painterly atmospheric, late-medieval, no figures"
2026-04-26T04:35:06,barrow_coast__wind_chapel,019dc76c-38f9-72ed-a46a-7b6f86ee1dc1,1:1,1,assets/meshy/barrow_coast__wind_chapel,"establishing shot, small open-air stone chapel on a sea-cliff edge, salt-wind streaming through the standing stones, leaden cold light, painterly atmospheric, late-medieval, no figures"
2026-04-26T04:35:18,wyrling_downs__brackenhollow,019dc76b-c977-7d51-800f-6bf63c275cea,1:1,1,assets/meshy/wyrling_downs__brackenhollow,"establishing shot, woodland-edge Wyrling outpost, communal timber hall above half-buried cottages, bracken and oak, overcast cool afternoon light, painterly atmospheric, late-medieval, no figures"
2026-04-26T04:35:23,silverleaf_wood__elder_grove,019dc76b-0818-72d5-846c-d36d8be7508e,1:1,1,assets/meshy/silverleaf_wood__elder_grove,"establishing shot, mossy pre-Veyr ruin pillar at the edge of a silver birch forest, small scholar way-station built against it, dappled light, painterly atmospheric, late-medieval, no figures"
2026-04-26T04:35:24,ashen_holt__burnt_arbor,019dc76b-ce76-7d52-b691-6ef1726daf0d,1:1,1,assets/meshy/ashen_holt__burnt_arbor,"establishing shot, ruined burned-out arbour of pale stone in an ashen forest, scorch marks on broken pillars, sickly amber twilight, painterly atmospheric, late-medieval dark elf, no figures"
2026-04-26T04:35:25,sunward_reach__dawnleaf_glade,019dc76b-c10b-72e1-b479-8a05c54b55b2,1:1,1,assets/meshy/sunward_reach__dawnleaf_glade,"establishing shot, sunlit forest glade with stone path and small temple inn, hanging lanterns, dappled morning gold light, painterly atmospheric, late-medieval high-elf, no figures"
2026-04-26T04:35:25,crown_of_ruin__siege_camp_pact,019dc76c-b769-76c8-8a1b-eeedbda6dfda,1:1,1,assets/meshy/crown_of_ruin__siege_camp_pact,"establishing shot, Pact siege camp on a rocky slope, yurts and longhouses in circles, oath-pillars driven into the ground, smoke columns, oppressive grey-amber light, painterly atmospheric, late-medieval, no figures"
2026-04-26T04:35:26,ashen_holt__ash_grave_circle,019dc76b-e72a-76ba-bfa3-f8cccc237297,1:1,1,assets/meshy/ashen_holt__ash_grave_circle,"establishing shot, circle of low ash-covered burial mounds in a dark forest clearing, leaning weathered stones, sickly amber dusk, painterly atmospheric, late-medieval, no figures"
2026-04-26T04:35:26,blackwater_deep__sunken_pillar_circle,019dc76c-a95b-76c3-9d7c-3c39c53535ff,1:1,1,assets/meshy/blackwater_deep__sunken_pillar_circle,"establishing shot, six half-submerged ancient standing stones in a circle in shallow black water, mist on the surface, sickly green-grey light, painterly atmospheric, late-medieval, no figures"
2026-04-26T04:35:27,wyrling_downs__market_town,019dc76b-c8ab-7d51-a2a8-6e44d8aa118f,1:1,1,assets/meshy/wyrling_downs__market_town,"establishing shot, Wyrling market-town of half-buried round-doored cottages, busy stone market square, hawthorn hedgerows, late afternoon warm light, painterly atmospheric, late-medieval pastoral, no figures"
2026-04-26T04:35:30,firland_greenwood__deer_path_pool,019dc76d-1123-731f-a750-f129b414ce41,1:1,1,assets/meshy/firland_greenwood__deer_path_pool,"establishing shot, woodland pool fed by a clear spring, deer trail leading to it, mossy stones, soft green-blue light, painterly atmospheric, late-medieval fey, no figures"
2026-04-26T04:35:32,firland_greenwood__speakers_silence,019dc76c-f499-76ce-8562-89799732109c,1:1,1,assets/meshy/firland_greenwood__speakers_silence,"establishing shot, mossy forest clearing with six worn timber seats around a cold central fire-ring, deep green twilight, painterly atmospheric, late-medieval fey, no figures"
2026-04-26T04:35:33,crown_of_ruin__neutral_well,019dc76c-c63f-7d5d-9a4e-28e9a6c995f2,1:1,1,assets/meshy/crown_of_ruin__neutral_well,"establishing shot, single stone well-head on a rocky slope between two distant siege-camps, lone watchman's lean-to, oppressive grey-amber light, painterly atmospheric, late-medieval, no figures"
2026-04-26T04:35:35,crown_of_ruin__siege_camp_concord,019dc76c-ab0f-76c3-8cf9-d00baaa1d67e,1:1,1,assets/meshy/crown_of_ruin__siege_camp_concord,"establishing shot, disciplined Concord siege camp on a rocky slope, rows of tents and heavy siege engines, smoke from trench fires, oppressive grey-amber light, painterly atmospheric, late-medieval, no figures"
2026-04-26T04:35:36,crown_of_ruin__breach_corner,019dc76c-bf67-76c8-8ab2-8826c0b46deb,1:1,1,assets/meshy/crown_of_ruin__breach_corner,"establishing shot, fortress curtain wall corner with repeatedly-rebuilt masonry breach, broken weapons in the rubble, oppressive grey-amber sky, painterly atmospheric, late-medieval, no figures"
2026-04-26T04:35:36,sunward_reach__sunward_spire,019dc76b-b8b0-7d51-9f9f-8041924c3204,1:1,1,assets/meshy/sunward_reach__sunward_spire,"establishing shot, pale stone Sunward Elen temple-spire above tiered sunlit orchards, golden hour, distant blue ridges, painterly atmospheric, late-medieval high-elf, no figures"
2026-04-26T04:35:38,blackwater_deep__eelsong_pool,019dc76c-a218-72fd-bd8c-ee55e32fb9d0,1:1,1,assets/meshy/blackwater_deep__eelsong_pool,"establishing shot, deep black-water pool in a marsh, Black-Eel clan markers on the bank, sickly green-grey twilight, painterly atmospheric, oppressive mood, no figures"
2026-04-26T04:35:41,ashweald__twin_oak_grave,019dc76b-eccb-7d53-a13f-0c638616b8ad,1:1,1,assets/meshy/ashweald__twin_oak_grave,"establishing shot, two ancient oaks grown from the same root in a charred forest clearing, ribbons of two faction colours tied to the branches, dim amber dusk, painterly atmospheric, late-medieval, no figures"
2026-04-26T04:35:51,firland_greenwood__oldfir_remains,019dc76d-3f90-76d6-b71c-cd9342bd595e,1:1,1,assets/meshy/firland_greenwood__oldfir_remains,"establishing shot, vast hollow fallen fir trunk on a moss forest floor, large enough to walk into, soft warm light from inside, painterly atmospheric, late-medieval fey, no figures"
2026-04-26T04:35:54,gravewatch_fields__memorial_lane,019dc76d-5daa-7b2a-aa2d-1ac5ec71a7da,1:1,1,assets/meshy/gravewatch_fields__memorial_lane,"establishing shot, long stone road lined with low memorial stones on both sides, windswept turf, leaden cold light, painterly atmospheric, late-medieval, no figures"
2026-04-26T04:35:54,firland_greenwood__witch_birch,019dc76d-0690-7b1f-9eba-d7393f7a8ef1,1:1,1,assets/meshy/firland_greenwood__witch_birch,"establishing shot, single immense silver birch tree in a deep fir forest, scarred runic carvings on its trunk, dim green light, painterly atmospheric, late-medieval fey, no figures"
2026-04-26T04:35:55,gravewatch_fields__ancestor_field,019dc76d-6312-7325-84b1-c90d256c18ba,1:1,1,assets/meshy/gravewatch_fields__ancestor_field,"establishing shot, windswept turf field with low burial markers in irregular rows, distant funerary fires, oppressive twilight, painterly atmospheric, late-medieval, no figures"
2026-04-26T04:35:58,frost_spine__storm_stone,019dc76d-5a70-7d6f-9a4f-821ff98d78e0,1:1,1,assets/meshy/frost_spine__storm_stone,"establishing shot, single ancient standing stone on an alpine ridge, lightning-scarred, blizzard haze, cold blue light, oppressive cold mood, painterly atmospheric, late-medieval, no figures"
2026-04-26T04:35:58,gravewatch_fields__salt_well,019dc76d-6e37-76da-8f13-527c19ec344e,1:1,1,assets/meshy/gravewatch_fields__salt_well,"establishing shot, weathered stone well-head on a wind-cut cliff edge, ritual buckets and ladles, leaden cold light, painterly atmospheric, late-medieval, no figures"
2026-04-26T04:36:00,barrow_coast__shipwreck_field,019dc76c-38b3-7d56-afcb-5a27dce2121a,1:1,1,assets/meshy/barrow_coast__shipwreck_field,"establishing shot, shingle beach below grey sea cliffs strewn with broken hulls of wrecked ships, salt-spray, leaden grey light, painterly atmospheric, late-medieval, no figures"
2026-04-26T04:36:01,frost_spine__frozen_seal,019dc76d-5628-7b29-b490-e8fee9d3e4ea,1:1,1,assets/meshy/frost_spine__frozen_seal,"establishing shot, pre-Coming carved stone seal half-buried in alpine snow, runic markings clear of ice, cold blue light, painterly atmospheric, late-medieval, no figures"
2026-04-26T04:36:05,frost_spine__blue_glacier,019dc76d-51f0-76d8-b524-66b0538e1e3a,1:1,1,assets/meshy/frost_spine__blue_glacier,"establishing shot, immense pale blue alpine glacier in a narrow valley, snow-covered ridges, cold blue afternoon light, oppressive cold mood, painterly atmospheric, no figures"
2026-04-26T04:36:07,frost_spine__yeti_skull_pile,019dc76d-5aba-76d9-9cd6-38f7f17c7f28,1:1,1,assets/meshy/frost_spine__yeti_skull_pile,"establishing shot, pile of weathered massive yeti skulls on an alpine slope, snow on the lower bones, cold blue afternoon light, oppressive mood, painterly atmospheric, no figures"
2026-04-26T04:36:13,greenwood_deep__deer_grave,019dc76d-74cc-76da-990a-3a1285ae1d74,1:1,1,assets/meshy/greenwood_deep__deer_grave,"establishing shot, small mossy stone cairn in deep fir forest, antlers laid against it, dim green-grey light, painterly atmospheric, late-medieval fey, no figures"
2026-04-26T04:36:15,blackwater_deep__warlords_garden,019dc76c-a87f-72fd-9a6e-abcaa2a3a114,1:1,1,assets/meshy/blackwater_deep__warlords_garden,"establishing shot, walled garden on a marsh knoll with neat rows of pre-war flowers, single chair under a leaning trellis, leaden cold light, painterly atmospheric, late-medieval, no figures"
2026-04-26T04:36:15,greenwood_deep__tarnstone_path,019dc76d-7ba9-7d83-9384-55a26e2f0c37,1:1,1,assets/meshy/greenwood_deep__tarnstone_path,"establishing shot, line of mossy stones leading through deep ancient fir forest, dim filtered green light, painterly atmospheric, late-medieval fey, no figures"
2026-04-26T04:36:21,gravewatch_fields__hollow_chapel,019dc76d-5e55-7325-a11f-36897a406f4f,1:1,1,assets/meshy/gravewatch_fields__hollow_chapel,"establishing shot, ruined open-air stone chapel on windswept fields, no roof, leaning altar, oppressive grey-amber light, painterly atmospheric, late-medieval, no figures"
2026-04-26T04:36:22,greenwood_deep__speakers_grave_oak,019dc76d-8308-7b2b-b769-db7009e2b4ab,1:1,1,assets/meshy/greenwood_deep__speakers_grave_oak,"establishing shot, immense ancient oak in deep fir forest, soft green twilight, weathered standing stones at its roots, painterly atmospheric, late-medieval fey, no figures"
2026-04-26T04:36:24,heartland_ride__gallows_oak,019dc76d-8bf4-7d83-b2e0-b5118327f3fa,1:1,1,assets/meshy/heartland_ride__gallows_oak,"establishing shot, ancient lone oak by a country roadside, low afternoon light, marked branch, painterly atmospheric, late-medieval, oppressive mood, no figures"
2026-04-26T04:36:26,iron_strand__kelp_field,019dc76d-daae-732e-b38a-6eaa49b77de0,1:1,1,assets/meshy/iron_strand__kelp_field,"establishing shot, dense kelp bed on a shingle shoreline below sea cliffs, low tide, leaden cold afternoon light, painterly atmospheric, no figures"
2026-04-26T04:36:31,market_crossing__river_island_market,019dc76d-fe1e-7d8c-af07-30ea76852e1b,1:1,1,assets/meshy/market_crossing__river_island_market,"establishing shot, busy market on a river sand-bar island, stalls and barges drawn up to the banks, golden afternoon light, painterly atmospheric, late-medieval, no figures"
2026-04-26T04:36:32,heartland_ride__flood_meadow,019dc76d-8718-7b2b-8f3c-d375da56e232,1:1,1,assets/meshy/heartland_ride__flood_meadow,"establishing shot, wide meadow on a slow river bend, partly flooded with shining water, distant farmhouses, late afternoon warm light, painterly atmospheric, late-medieval, no figures"
2026-04-26T04:36:33,irongate_pass__ice_face_cliff,019dc76d-f560-7b2f-9764-bd52087ce4fc,1:1,1,assets/meshy/irongate_pass__ice_face_cliff,"establishing shot, sheer mountain ice-face cliff above a narrow road, sand-bag berms below, cold blue light, painterly atmospheric, late-medieval, no figures"
2026-04-26T04:36:36,iron_strand__wreckers_chapel,019dc76d-cd95-7329-9bbd-be5e5d3f4e57,1:1,1,assets/meshy/iron_strand__wreckers_chapel,"establishing shot, small clifftop stone chapel above a shipwreck-strewn beach, leaning bell-tower, leaden storm light, painterly atmospheric, late-medieval, no figures"
2026-04-26T04:36:46,heartland_ride__cattle_ford_pillar,019dc76d-bff1-7b2d-ab60-b5ac4854a08f,1:1,1,assets/meshy/heartland_ride__cattle_ford_pillar,"establishing shot, stone pillar beside a wide shallow river ford, cattle tracks in the mud, late afternoon warm light, painterly atmospheric, late-medieval, no figures"
2026-04-26T04:36:47,irongate_pass__hearthkin_shrine,019dc76d-e3d5-7d86-a328-6920f41fc31e,1:1,1,assets/meshy/irongate_pass__hearthkin_shrine,"establishing shot, small Hearthkin road shrine carved into a granite cliffside, banked offering coins, lantern, dim warm light, painterly atmospheric, late-medieval dwarven, no figures"
2026-04-26T04:36:57,pact_causeway__standing_horse_stones,019dc76e-40da-76e6-8921-501c86573e97,1:1,1,assets/meshy/pact_causeway__standing_horse_stones,"establishing shot, three weathered horse-shaped standing stones on a windswept steppe slope, leaden afternoon light, painterly atmospheric, late-medieval steppe, no figures"
2026-04-26T04:36:59,pact_causeway__oath_grove,019dc76e-3699-7b3b-88a1-a2b0a88e90e4,1:1,1,assets/meshy/pact_causeway__oath_grove,"establishing shot, grove of stunted juniper trees on a windswept causeway side, small tags hanging from each, overcast cold light, painterly atmospheric, late-medieval steppe, no figures"
2026-04-26T04:37:00,pactmarch__broken_pillar,019dc76e-7100-76e8-88c8-149f9d9aecc2,1:1,1,assets/meshy/pactmarch__broken_pillar,"establishing shot, fallen broken oath-pillar in two pieces on a windswept steppe, carvings still sharp, oppressive overcast sky, painterly atmospheric, late-medieval, no figures"
2026-04-26T04:37:03,pact_causeway__scribe_cave,019dc76e-37d9-7b3f-9a4b-6d231472bdfc,1:1,1,assets/meshy/pact_causeway__scribe_cave,"establishing shot, small cave entrance below a stone causeway ridge, weathered scribal markings on the walls, lantern-lit interior, painterly atmospheric, late-medieval steppe, no figures"
2026-04-26T04:37:06,market_crossing__warehouse_burnt_row,019dc76e-1f12-734e-b535-780bfa52822f,1:1,1,assets/meshy/market_crossing__warehouse_burnt_row,"establishing shot, row of burnt-out warehouse foundations on a river quay, blackened stone, low afternoon light, painterly atmospheric, late-medieval, no figures"
2026-04-26T04:37:07,blackwater_deep__saint_landing,019dc76c-a1be-7d5c-9f8e-f1ad592a4b2a,1:1,1,assets/meshy/blackwater_deep__saint_landing,"establishing shot, weathered stone landing on a black-water marsh, single worn footprint preserved in the stone, sickly green twilight, painterly atmospheric, oppressive mood, no figures"
2026-04-26T04:37:11,market_crossing__pre_concord_pillar,019dc76e-1ed4-734e-bd6e-0b1ea3782fb8,1:1,1,assets/meshy/market_crossing__pre_concord_pillar,"establishing shot, weathered standing stone on the bank of a slow river, unreadable carvings, late afternoon warm light, painterly atmospheric, late-medieval, no figures"
2026-04-26T04:37:13,market_crossing__smuggler_cove,019dc76e-1812-7b30-9eea-da81f7feb850,1:1,1,assets/meshy/market_crossing__smuggler_cove,"establishing shot, reed-fringed river cove with mooring posts and dark barges, low twilight, painterly atmospheric, late-medieval, no figures"
2026-04-26T04:37:16,greenwood_deep__wolfless_glade,019dc76d-85c0-7326-ac70-e20e2d086031,1:1,1,assets/meshy/greenwood_deep__wolfless_glade,"establishing shot, peaceful forest glade with mossy fallen log, soft green light, painterly atmospheric, late-medieval fey, no figures"
2026-04-26T04:37:17,pact_causeway__fallen_pillar_field,019dc76e-4955-76e6-8985-fd30365af5c3,1:1,1,assets/meshy/pact_causeway__fallen_pillar_field,"establishing shot, windswept field with seven fallen carved oath-pillars in a rough line, overcast cold light, painterly atmospheric, late-medieval steppe, no figures"
2026-04-26T04:37:19,ruin_line_north__burnt_orchard,019dc76e-9813-7d92-9df3-431ad82dfe9d,1:1,1,assets/meshy/ruin_line_north__burnt_orchard,"establishing shot, burnt orchard regrowing with grey-leafed trees on a windswept ridge, sickly grey-green light, painterly atmospheric, late-medieval, no figures"
2026-04-26T04:37:22,pactmarch__bound_field,019dc76e-5b69-7b44-b14d-8a61ad96ec8e,1:1,1,assets/meshy/pactmarch__bound_field,"establishing shot, flat steppe meadow with central standing pactstone, ring of slightly different grass colour around it, wide horizon, overcast cool light, painterly atmospheric, late-medieval steppe, no figures"
2026-04-26T04:37:25,iron_strand__salt_pillar_row,019dc76d-cc26-7b2e-858b-e04b95c4f173,1:1,1,assets/meshy/iron_strand__salt_pillar_row,"establishing shot, row of weathered salt pillars on a shingle beach beneath sea cliffs, names carved into the surfaces, leaden cold light, painterly atmospheric, no figures"
2026-04-26T04:37:28,pactmarch__yurt_shrine,019dc76e-642d-7b44-8c3c-96fa8a71045e,1:1,1,assets/meshy/pactmarch__yurt_shrine,"establishing shot, single weathered Kharun yurt on a windswept steppe slope, beside a tall oath-stone, overcast cold light, painterly atmospheric, late-medieval steppe, no figures"
2026-04-26T04:37:30,heartland_ride__courier_relay_ruin,019dc76d-97d4-7b2d-9bb1-f3c6324c351f,1:1,1,assets/meshy/heartland_ride__courier_relay_ruin,"establishing shot, burnt-out stone post-station ruin beside a country road, single chimney still standing, weeds in the foundations, dim afternoon light, painterly atmospheric, no figures"
2026-04-26T04:37:31,iron_strand__cliff_cairn,019dc76d-d199-7d86-8959-6d8457281837,1:1,1,assets/meshy/iron_strand__cliff_cairn,"establishing shot, weathered stone cairn on a sheer cliff edge above a grey sea, salt-stained stones, leaden cold light, painterly atmospheric, late-medieval, no figures"
2026-04-26T04:37:37,ruin_line_south__kings_field,019dc76e-ce2d-7d9c-8210-5a02f683cf6e,1:1,1,assets/meshy/ruin_line_south__kings_field,"establishing shot, windswept flat field on a ruin-line ridge, half-buried banners and broken weapons in the grass, oppressive grey-amber sky, painterly atmospheric, late-medieval, no figures"
2026-04-26T04:37:39,irongate_pass__tollstone_bend,019dc76d-dca8-7b2f-a32d-672629eb373d,1:1,1,assets/meshy/irongate_pass__tollstone_bend,"establishing shot, mountain road switchback with a carved stone tollstone, valley view below, snow on upper slopes, painterly atmospheric, late-medieval, no figures"
2026-04-26T04:37:42,irongate_pass__wreck_of_the_seven,019dc76d-e88a-76e1-af13-39035597d7c0,1:1,1,assets/meshy/irongate_pass__wreck_of_the_seven,"establishing shot, mountain road corner with broken wagon frames in a snow-fall scar, leaden cold light, painterly atmospheric, late-medieval, oppressive mood, no figures"
2026-04-26T04:37:50,scrap_flats__rust_field,019dc76f-0f9f-7b76-bf40-6bf907d8a5e3,1:1,1,assets/meshy/scrap_flats__rust_field,"establishing shot, vast field of rusted salvaged iron pieces in disorderly piles, sickly amber-green dusk, painterly atmospheric, no figures"
2026-04-26T04:37:50,ruin_line_north__memorial_arch,019dc76e-caeb-7369-bfec-a3f58393da83,1:1,1,assets/meshy/ruin_line_north__memorial_arch,"establishing shot, weathered stone memorial arch on a blasted ruin-line ridge, dual inscriptions in two scripts, oppressive grey-amber light, painterly atmospheric, late-medieval, no figures"
2026-04-26T04:37:58,scrap_flats__alloy_pillar,019dc76f-0d9e-736e-8847-bdb0fdb4ada2,1:1,1,assets/meshy/scrap_flats__alloy_pillar,"establishing shot, tall layered alloy pillar in a marshy industrial flat, sickly green-amber dusk, painterly atmospheric, no figures"
2026-04-26T04:37:59,scrap_marsh__acid_pool,019dc76f-2228-7370-aa67-1a76a05a28d0,1:1,1,assets/meshy/scrap_marsh__acid_pool,"establishing shot, dark green-yellow acid pool in a marsh, warning sticks driven into the mud at the edges, sickly amber dusk, painterly atmospheric, no figures"
2026-04-26T04:38:01,scrap_marsh__rusted_wagon_field,019dc76f-1820-7dbb-af89-7b1912520d43,1:1,1,assets/meshy/scrap_marsh__rusted_wagon_field,"establishing shot, marshy field full of rusted broken Hearthkin wagons stacked in disorderly piles, sickly green-amber light, painterly atmospheric, no figures"
2026-04-26T04:40:02,barrow_coast__zone,019dc771-26af-7def-b684-0967205e5880,1:1,1,assets/meshy/barrow_coast__zone,"wide establishing landscape, salt-wind cliff above a grey sea, low turf-covered barrow mounds along the headland, iron-fortress in the largest barrow, overcast cold light, painterly atmospheric, late-medieval, no figures"
2026-04-26T04:40:16,gravewatch_fields__zone,019dc771-26ac-7bc1-87ef-b9829cba1112,1:1,1,assets/meshy/gravewatch_fields__zone,"wide establishing landscape, windswept turf fields above sea cliffs, long lines of low burial markers, working funerary village in the middle distance, overcast cold light, painterly atmospheric, no figures"
2026-04-26T04:40:16,crown_of_ruin__zone,019dc771-26b2-7df0-b531-3a7edb6d010c,1:1,1,assets/meshy/crown_of_ruin__zone,"wide establishing landscape, ruined fortress crown atop a rocky height, two distant siege-camps from opposing flags, smoke columns and trench works, oppressive grey-amber sky, painterly atmospheric, late-medieval, no figures"
2026-04-26T04:40:20,ashen_holt__zone,019dc771-26b1-7df0-946f-1cdf02c9e8cd,1:1,1,assets/meshy/ashen_holt__zone,"wide establishing landscape, ashen forest of charcoal-black bark and grey leaf-fall, dim red banked fire-rings under trees, distant black spire on a crag, sickly amber sky, painterly atmospheric, late-medieval dark elf, no figures"
2026-04-26T04:40:25,blackwater_deep__zone,019dc771-26b1-73d4-ba83-4d97d52cd739,1:1,1,assets/meshy/blackwater_deep__zone,"wide establishing landscape, vast black-water marsh, half-submerged stone keep at the centre, distant ruined abbey rising from the water, leaden cold sky, painterly atmospheric, oppressive mood, no figures"
2026-04-26T04:40:44,greenwood_deep__zone,019dc771-9562-7dfc-bc1e-11727f525108,1:1,1,assets/meshy/greenwood_deep__zone,"wide establishing landscape, deep ancient fir forest, mist between massive trunks, mossy boulders, dappled green light, painterly atmospheric, late-medieval fey, eerie mood, no figures"
2026-04-26T04:40:49,iron_strand__zone,019dc771-cd44-7747-bdcb-2d4f419bc92f,1:1,1,assets/meshy/iron_strand__zone,"wide establishing landscape, sheer dark sea cliffs, wreck-strewn shingle below, ruined lighthouse on the headland, low storm-grey light, painterly atmospheric, no figures"
2026-04-26T04:40:54,market_crossing__zone,019dc771-ef78-775b-9ecc-2cb6e5a196ab,1:1,1,assets/meshy/market_crossing__zone,"wide establishing landscape, late-medieval river-port freeport, stone quay, warehouse compounds, busy river barges, golden afternoon light, painterly atmospheric, no figures"
2026-04-26T04:40:58,irongate_pass__zone,019dc771-dbec-7bd8-ab05-a309cd3bd404,1:1,1,assets/meshy/irongate_pass__zone,"wide establishing landscape, switchback mountain pass, sheer granite cliffs, narrow paved road with stone bridges, snow on upper switchbacks, overcast cold light, painterly atmospheric, late-medieval, no figures"
2026-04-26T04:41:05,ashweald__zone,019dc771-26b3-73d4-8559-ca1520f2c86c,1:1,1,assets/meshy/ashweald__zone,"wide establishing landscape, burned-then-regrown ashland forest, charcoal-black birch with pale silver leaves, ruined shrine in a clearing, banked embers, low amber light, painterly atmospheric, no figures"
2026-04-26T04:41:14,firland_greenwood__zone,019dc771-26af-73d4-8477-85518e089fcc,1:1,1,assets/meshy/firland_greenwood__zone,"wide establishing landscape, old-growth fir and silver birch forest, green twilight, soft moss floor, pale shafts of sunlight, painterly atmospheric, late-medieval fey, no figures"
2026-04-26T04:41:18,pactmarch__zone,019dc772-4d8a-740f-9691-95504567b351,1:1,1,assets/meshy/pactmarch__zone,"wide establishing landscape, vast windswept highland steppe, ancient standing oath-stones in a circle, distant fortress on a low hill, overcast cool light, painterly atmospheric, late-medieval steppe culture, no figures"
2026-04-26T04:41:28,frost_spine__zone,019dc771-26af-7bc1-94c4-1a56f2b84f9d,1:1,1,assets/meshy/frost_spine__zone,"wide establishing landscape, snow-capped alpine spine, sheer ice ridges, ancient stone observatory at the highest peak, blizzard haze, cold blue cast, painterly atmospheric, oppressive mood, no figures"
2026-04-26T04:41:31,ruin_line_south__zone,019dc772-7038-7762-a49e-221d77d75a4a,1:1,1,assets/meshy/ruin_line_south__zone,"wide establishing landscape, half-submerged ruin-line fortifications in a salt-marsh, leaning broken arcane spire half in the water, low sickly light, painterly atmospheric, oppressive mood, no figures"
2026-04-26T04:41:31,ruin_line_north__zone,019dc772-5e77-740f-9d38-c081a09b34e2,1:1,1,assets/meshy/ruin_line_north__zone,"wide establishing landscape, blasted ruin-line of broken stone and ash, leaning shattered tower, char-thistle in the cracks, sickly grey-green sky, painterly atmospheric, oppressive mood, no figures"
2026-04-26T04:41:42,scrap_flats__zone,019dc772-8b8f-7e21-825e-4ffcc9780e30,1:1,1,assets/meshy/scrap_flats__zone,"wide establishing landscape, sprawling alchemical scavenger-industrial works on a marshy flat, vat-tanks and conveyors, sickly green smoke columns, dim amber dusk, painterly atmospheric, no figures"
2026-04-26T04:41:48,heartland_ride__zone,019dc771-ccbe-7747-b6e8-ffb5f0f46633,1:1,1,assets/meshy/heartland_ride__zone,"wide establishing landscape, late-medieval Burgundian kingsroad through hedgerow farmland, stone-arch bridge, distant watermill, summer late afternoon golden light, painterly atmospheric, no figures"
2026-04-26T04:41:51,shadegrove__zone,019dc772-bc69-7e35-9366-84848cee1ed1,1:1,1,assets/meshy/shadegrove__zone,"wide establishing landscape, silver-ash forest on volcanic soil, dark fortress reach on a high crag, banked red coals in the foreground, sickly amber light, painterly atmospheric, late-medieval dark elf, no figures"
2026-04-26T04:42:04,skarnreach__zone,019dc772-f0b6-7e39-b687-36f1ee82f718,1:1,1,assets/meshy/skarnreach__zone,"wide establishing landscape, narrow cold fjord, basalt headland with timber longhall, longships moored below, low pewter sky, painterly atmospheric, late-medieval viking aesthetic, no figures"
2026-04-26T04:42:05,silverleaf_wood__zone,019dc772-e32e-7bfc-909e-9c968d7dc37c,1:1,1,assets/meshy/silverleaf_wood__zone,"wide establishing landscape, silver birch forest at twilight, moths on slow wing through pale shafts of light, mossy lodge in the trees, painterly atmospheric, late-medieval high-elf, no figures"
2026-04-26T04:42:05,scrap_marsh__zone,019dc772-aece-7417-8757-3df5db60f936,1:1,1,assets/meshy/scrap_marsh__zone,"wide establishing landscape, rusted scrap-mire, half-sunken plank walkways between mounds of broken metal, sickly green alchemical mist, low pale light, painterly atmospheric, no figures"
2026-04-26T04:42:08,skarncamp_wastes__zone,019dc772-f08a-7c07-8070-d034d8f1a703,1:1,1,assets/meshy/skarncamp_wastes__zone,"wide establishing landscape, harsh basalt scrubland above a cold fjord, watchtower garrisons in the middle distance, longships at staging anchor, leaden sky, painterly atmospheric, late-medieval viking, no figures"
2026-04-26T04:42:15,stoneguard_deep__zone,019dc773-1d5f-7e49-9a33-126ebe48ef9f,1:1,1,assets/meshy/stoneguard_deep__zone,"wide establishing landscape, mountain-skirt fortress town carved into a granite shoulder, banded smokestacks, lantern-lit switchbacks, late-afternoon overcast cool light, painterly atmospheric, late-medieval, no figures, no characters"
2026-04-26T04:42:23,sunward_reach__zone,019dc773-3cd4-7e4c-98b9-df072610a229,1:1,1,assets/meshy/sunward_reach__zone,"wide establishing landscape, sunlit highland terrace, pale stone temple-tower above tiered orchards, golden hour, distant blue ridges, painterly atmospheric, late-medieval, high-elf aesthetic, no figures"
2026-04-26T04:42:50,wyrling_downs__zone,019dc773-70ed-7788-b9c2-01ce6e943933,1:1,1,assets/meshy/wyrling_downs__zone,"wide establishing landscape, rolling green downs with hedgerow lanes, half-buried thatched burrow-cottages, hawthorn in bloom, late summer warm light, painterly atmospheric, late-medieval pastoral, no figures"
2026-04-26T04:43:18,pact_causeway__zone,019dc772-38a7-7761-a684-0f94f34748fd,1:1,1,assets/meshy/pact_causeway__zone,"wide establishing landscape, long stone causeway across windswept highland steppe, lines of carved oath-pillars on either side, distant storm front, cool grey light, painterly atmospheric, late-medieval, no figures"
2026-04-26T04:43:23,sundering_mines__zone,019dc773-3152-7e4c-9a23-e6652d9f057c,1:1,1,assets/meshy/sundering_mines__zone,"wide establishing landscape, rugged mining mountain range above the ruin line, scaffolds and abandoned shaft entrances, leaden sky, oppressive mood, painterly atmospheric, no figures"
2026-04-26T04:51:56,race__firland__male,019dc77c-0ba1-7d53-baca-077346e0120f,1:1,1,assets/meshy/race__firland__male,"Portrait of a male Firland, single figure, isolated subject, three-quarter view from waist up. eight-foot towering forest giant, moss-green or bark-brown skin, leaf-woven hair, rough earth-tone wool robes, druidic staff. towering eight-foot gentle giant, massive oversized scale, head-and-shoulders above a human, broad-barreled figure with oversized open hands, towering forest-keeper. tall heavy build, 7'0""–8'0"", broad-shouldered and thick-limbed but with gentle rounded musculature not brutish, heavy tread but soft-footed, oversized hands. warm earth-toned skin in mossy green-grey, bark-brown, or pale birch tones, long coarse hair in moss-green or russet often braided with leaves and twigs, soft heavy-lidded eyes in amber or deep-forest-green, broad flat nose, small bovine ears, beardless, gentle expression. hair: long loose hair woven with leaves, moss, small flowers, bound in a thick nape-braid, sometimes a crown of antler-velvet fibers. attire: layered rough-woven earth-tone wool and leather, fern-pattern embroidery, staff or druidic focus in hand, mantle of oak leaves or wolf-fur on ceremonial days. posture: towering but stooped-shoulder gentle giant, head slightly forward in a listening posture, hands open and empty by default. painterly atmospheric character portrait, late-medieval fantasy aesthetic, soft directional lighting, neutral dim background, oil-painting feel, no other characters, no text, no watermark."
2026-04-26T04:52:01,race__gravewrought__female,019dc77c-0b9a-7fb4-b266-84c447643d18,1:1,1,assets/meshy/race__gravewrought__female,"Portrait of a female Gravewrought, single figure, isolated subject, three-quarter view from waist up. animate iron-and-bone plate-armor construct, ember-glowing helm slits, empty faceplate, tattered clan banner at hip. animate empty suit of funeral-armor, no living face, dark ceremonial iron plate helm with narrow horizontal eye-slits glowing cold ember red-violet, hollow interior visible through slits, exposed iron helm not a hood, bound ancestor-soul construct. tall heavy humanoid shell, 6'6""–7'2"", plate-and-bone construction worn over wrapped grave-silk core, deliberate slow-heavy movement, joints bound with sinew-rope and iron rivets. no living flesh — armored faceplate with narrow eye-slits from which a cold ember glows in red or violet, the chest-seal sigil is the binding-anchor with faint ember-light bleeding through seams, helm shaped like a ceremonial funeral-mask, no hair. hair: none — grave-silk streamers or ceremonial fetish-tokens hang from the back of the helm. attire: heavy blackened iron plate layered over grave-silk wrappings, bone reinforcements at joints, chest-seal sigil etched with binding-runes, tattered clan-banner cloth, iron oath-rings on wrist and sternum. posture: towering upright animate tomb-armor, squared shoulders, heavy deliberate stance, weight-forward but grounded. painterly atmospheric character portrait, late-medieval fantasy aesthetic, soft directional lighting, neutral dim background, oil-painting feel, no other characters, no text, no watermark."
2026-04-26T04:52:01,race__gravewrought__male,019dc77c-0b9d-7d51-bcc2-49bd7ead7b14,1:1,1,assets/meshy/race__gravewrought__male,"Portrait of a male Gravewrought, single figure, isolated subject, three-quarter view from waist up. animate iron-and-bone plate-armor construct, ember-glowing helm slits, empty faceplate, tattered clan banner at hip. animate empty suit of funeral-armor, no living face, dark ceremonial iron plate helm with narrow horizontal eye-slits glowing cold ember red-violet, hollow interior visible through slits, exposed iron helm not a hood, bound ancestor-soul construct. tall heavy humanoid shell, 6'6""–7'2"", plate-and-bone construction worn over wrapped grave-silk core, deliberate slow-heavy movement, joints bound with sinew-rope and iron rivets. no living flesh — armored faceplate with narrow eye-slits from which a cold ember glows in red or violet, the chest-seal sigil is the binding-anchor with faint ember-light bleeding through seams, helm shaped like a ceremonial funeral-mask, no hair. hair: none — grave-silk streamers or ceremonial fetish-tokens hang from the back of the helm. attire: heavy blackened iron plate layered over grave-silk wrappings, bone reinforcements at joints, chest-seal sigil etched with binding-runes, tattered clan-banner cloth, iron oath-rings on wrist and sternum. posture: towering upright animate tomb-armor, squared shoulders, heavy deliberate stance, weight-forward but grounded. painterly atmospheric character portrait, late-medieval fantasy aesthetic, soft directional lighting, neutral dim background, oil-painting feel, no other characters, no text, no watermark."
2026-04-26T04:52:14,race__hearthkin__female,019dc77c-0b9f-7592-814d-2100f71ad046,1:1,1,assets/meshy/race__hearthkin__female,"Portrait of a female Hearthkin, single figure, isolated subject, three-quarter view from waist up. short stocky four-foot dwarf, barrel-chested, iron-bead braided hair, forge apron over layered mail. short stocky dwarf, waist-and-chest-high to a human, barrel-chested and broad, long braided beard woven with iron and brass beads, weathered ruddy face fully visible, forge-scarred calloused hands. short stocky dwarven build, 4'0""–4'6"", barrel chest, broad shoulders, thick limbs, heavy grip, low center of gravity. weathered ruddy skin, thick dark or iron-grey hair, heavy brow ridge, broad nose, deep-set brown-grey-hazel eyes, ageing marked by rings of oath-tattoos at the wrists. hair: long braided beards woven with iron and brass oath-beads, crown-plaited hair, topknots, braids with clan-charms. attire: layered leather and riveted mail, fur-trimmed cloak, belted forge-apron or tool-sash, soot-touched and forge-scarred. posture: low heavy gravity, squared shoulders, weight-forward solid-rooted stance. painterly atmospheric character portrait, late-medieval fantasy aesthetic, soft directional lighting, neutral dim background, oil-painting feel, no other characters, no text, no watermark."
2026-04-26T04:52:32,race__darkling_elen__female,019dc77c-0b9b-7fb5-bbd2-14c94a0b9959,1:1,1,assets/meshy/race__darkling_elen__female,"Portrait of a female Darkling Elen, single figure, isolated subject, three-quarter view from waist up. tall dark elf, ash-grey skin, white hair, long pointed ears, layered black robes with silver embroidery. dark elf with face fully visible and uncovered, long pointed elven ears clearly showing, ash-grey or blue-black skin, pale silver or blood-red eyes, hollow angular cheekbones, shadow-vein markings on skin, no hood covering face. tall slender elven build like their Sunward kin but gaunter and sharper, 5'10""–6'4"", predator grace, head-low stance. ash-grey to blue-black skin, stark white or raven-black hair, pale silver or blood-red eyes, hollowed angular cheekbones, long pointed ears pierced with iron rings, ageless but haunted, faint shadow-veins visible under skin. hair: long straight hair or shaven sides with a single long braid, spider-silk ornaments, a few with iron circlet or bound hood. attire: dark layered robes and leather, silver-black embroidery, shadow-bind rune-stitching on hem and cuffs, hooded mantle, ceremonial pact-iron at the throat. posture: tall slender elongated like Sunward but head-low predator stance, hollow-eyed, sharper angles. painterly atmospheric character portrait, late-medieval fantasy aesthetic, soft directional lighting, neutral dim background, oil-painting feel, no other characters, no text, no watermark."
2026-04-26T04:52:42,race__kharun__male,019dc77c-7a52-7fda-9d5c-00dee33d123b,1:1,1,assets/meshy/race__kharun__male,"Portrait of a male Kharun, single figure, isolated subject, three-quarter view from waist up. tall pact-marked human, glowing ember-red eyes, small temple horn-nubs, dark high-collar pact-robes, pact medallion at throat. face fully visible and uncovered, glowing ember-red or amber eyes, fine shadow-veins traced along the neck and temples, small hard horn-nubs at the temples, soot-dark fingertips, pact-sigil at throat, no hood covering face. tall lean human build, 5'10""–6'4"", predator grace, angular features, long fingers, poised duellist carriage. pale ashen or warm-grey human skin streaked with fine shadow-veins along the neck and temples, black or dark-red hair, ember-glow eyes in red or amber, small hard horn-nubs at the temples (optional, clan-dependent), soot-dark fingertips from pact-residue. hair: long straight hair bound at the nape, or raven-black half-shaven with trailing braid, ember-dyed streaks. attire: fitted dark high-collar pact-robes, open-faced no hood, layered black leather, silver-black pact-sigil embroidery on collar and cuffs, ember-dyed trim, heavy pact-iron medallion at the throat. posture: upright slim human with subtle shadow-veined glow, poised duellist bearing, hand often resting on pact-sigil at chest. painterly atmospheric character portrait, late-medieval fantasy aesthetic, soft directional lighting, neutral dim background, oil-painting feel, no other characters, no text, no watermark."
2026-04-26T04:52:42,race__kharun__female,019dc77c-8bcc-7d5c-9ce2-9c21be0b55a2,1:1,1,assets/meshy/race__kharun__female,"Portrait of a female Kharun, single figure, isolated subject, three-quarter view from waist up. tall pact-marked human, glowing ember-red eyes, small temple horn-nubs, dark high-collar pact-robes, pact medallion at throat. face fully visible and uncovered, glowing ember-red or amber eyes, fine shadow-veins traced along the neck and temples, small hard horn-nubs at the temples, soot-dark fingertips, pact-sigil at throat, no hood covering face. tall lean human build, 5'10""–6'4"", predator grace, angular features, long fingers, poised duellist carriage. pale ashen or warm-grey human skin streaked with fine shadow-veins along the neck and temples, black or dark-red hair, ember-glow eyes in red or amber, small hard horn-nubs at the temples (optional, clan-dependent), soot-dark fingertips from pact-residue. hair: long straight hair bound at the nape, or raven-black half-shaven with trailing braid, ember-dyed streaks. attire: fitted dark high-collar pact-robes, open-faced no hood, layered black leather, silver-black pact-sigil embroidery on collar and cuffs, ember-dyed trim, heavy pact-iron medallion at the throat. posture: upright slim human with subtle shadow-veined glow, poised duellist bearing, hand often resting on pact-sigil at chest. painterly atmospheric character portrait, late-medieval fantasy aesthetic, soft directional lighting, neutral dim background, oil-painting feel, no other characters, no text, no watermark."
2026-04-26T04:52:47,race__mannin__male,019dc77c-8c0f-78be-a3bb-4d73a05540a2,1:1,1,assets/meshy/race__mannin__male,"Portrait of a male Mannin, single figure, isolated subject, three-quarter view from waist up. human adult, medium athletic build, layered leather arming doublet over linen, heraldic sash. average human adult, face fully visible and uncovered, naturalistic proportions, no distinguishing nonhuman features, grounded civic-soldier bearing. human medium build, naturalistic proportions, 5'6""–6'2"", balanced athletic frame. varied skin tones from pale to tanned, varied hair brown-black-blonde-auburn, varied eyes brown-blue-green-hazel, regular human facial structure, strong jaw, grounded bearing. hair: practical braids, warrior queue, close-cut, or loose shoulder-length; beards short or clean-shaven. attire: layered wool and linen under leather, heraldic tabard or oath-sash, riveted brigandine, belted arming doublet. posture: grounded upright capable, confident civilian-to-soldier posture. painterly atmospheric character portrait, late-medieval fantasy aesthetic, soft directional lighting, neutral dim background, oil-painting feel, no other characters, no text, no watermark."
2026-04-26T04:52:47,race__mannin__female,019dc77c-c0cb-7d5f-91fc-a76b799d00e1,1:1,1,assets/meshy/race__mannin__female,"Portrait of a female Mannin, single figure, isolated subject, three-quarter view from waist up. human adult, medium athletic build, layered leather arming doublet over linen, heraldic sash. average human adult, face fully visible and uncovered, naturalistic proportions, no distinguishing nonhuman features, grounded civic-soldier bearing. human medium build, naturalistic proportions, 5'6""–6'2"", balanced athletic frame. varied skin tones from pale to tanned, varied hair brown-black-blonde-auburn, varied eyes brown-blue-green-hazel, regular human facial structure, strong jaw, grounded bearing. hair: practical braids, warrior queue, close-cut, or loose shoulder-length; beards short or clean-shaven. attire: layered wool and linen under leather, heraldic tabard or oath-sash, riveted brigandine, belted arming doublet. posture: grounded upright capable, confident civilian-to-soldier posture. painterly atmospheric character portrait, late-medieval fantasy aesthetic, soft directional lighting, neutral dim background, oil-painting feel, no other characters, no text, no watermark."
2026-04-26T04:52:59,race__hearthkin__male,019dc77c-0b9b-7fb6-9b18-b6212b6ef681,1:1,1,assets/meshy/race__hearthkin__male,"Portrait of a male Hearthkin, single figure, isolated subject, three-quarter view from waist up. short stocky four-foot dwarf, barrel-chested, iron-bead braided hair, forge apron over layered mail. short stocky dwarf, waist-and-chest-high to a human, barrel-chested and broad, long braided beard woven with iron and brass beads, weathered ruddy face fully visible, forge-scarred calloused hands. short stocky dwarven build, 4'0""–4'6"", barrel chest, broad shoulders, thick limbs, heavy grip, low center of gravity. weathered ruddy skin, thick dark or iron-grey hair, heavy brow ridge, broad nose, deep-set brown-grey-hazel eyes, ageing marked by rings of oath-tattoos at the wrists. hair: long braided beards woven with iron and brass oath-beads, crown-plaited hair, topknots, braids with clan-charms. attire: layered leather and riveted mail, fur-trimmed cloak, belted forge-apron or tool-sash, soot-touched and forge-scarred. posture: low heavy gravity, squared shoulders, weight-forward solid-rooted stance. painterly atmospheric character portrait, late-medieval fantasy aesthetic, soft directional lighting, neutral dim background, oil-painting feel, no other characters, no text, no watermark."
2026-04-26T04:53:05,race__skarn__male,019dc77d-06c8-7d69-8477-d5ddae423451,1:1,1,assets/meshy/race__skarn__male,"Portrait of a male Skarn, single figure, isolated subject, three-quarter view from waist up. muscular raider, ashen grey-brown skin, short lower tusks, iron-bead braids, blackened mail over dark hide. half-orc-lineage raider, ashen grey-brown or slate-olive skin not green, prominent lower tusks jutting from jaw clearly visible, heavy human warrior build, braided hair with iron clan-beads, oath-scars on face. powerful mixed-heritage human build, 6'0""–6'8"", broad shouldered, heavy-muscled, thick-necked but upright human posture not hunched, hands and forearms oversized. ashen grey-brown or slate-olive skin, coarse black or iron-grey hair, heavy brow, short lower tusks or prominent canines (not protruding fangs), amber or steel-grey eyes, broad nose, weather-scarred. hair: long braids with iron clan-beads, shaved sides, topknots, oath-scars marking the scalp. attire: layered dark hide and riveted blackened mail, bracers of scarred leather, trophy-belt of oath-iron, fur-lined cloak, ash-smeared face-paint on ritual days. posture: upright heavy raider, one shoulder lower from the sword-carry, weight-forward but not bestial. painterly atmospheric character portrait, late-medieval fantasy aesthetic, soft directional lighting, neutral dim background, oil-painting feel, no other characters, no text, no watermark."
2026-04-26T04:53:06,race__skarn__female,019dc77d-2f31-7d6e-98f7-3803ca4fab50,1:1,1,assets/meshy/race__skarn__female,"Portrait of a female Skarn, single figure, isolated subject, three-quarter view from waist up. muscular raider, ashen grey-brown skin, short lower tusks, iron-bead braids, blackened mail over dark hide. half-orc-lineage raider, ashen grey-brown or slate-olive skin not green, prominent lower tusks jutting from jaw clearly visible, heavy human warrior build, braided hair with iron clan-beads, oath-scars on face. powerful mixed-heritage human build, 6'0""–6'8"", broad shouldered, heavy-muscled, thick-necked but upright human posture not hunched, hands and forearms oversized. ashen grey-brown or slate-olive skin, coarse black or iron-grey hair, heavy brow, short lower tusks or prominent canines (not protruding fangs), amber or steel-grey eyes, broad nose, weather-scarred. hair: long braids with iron clan-beads, shaved sides, topknots, oath-scars marking the scalp. attire: layered dark hide and riveted blackened mail, bracers of scarred leather, trophy-belt of oath-iron, fur-lined cloak, ash-smeared face-paint on ritual days. posture: upright heavy raider, one shoulder lower from the sword-carry, weight-forward but not bestial. painterly atmospheric character portrait, late-medieval fantasy aesthetic, soft directional lighting, neutral dim background, oil-painting feel, no other characters, no text, no watermark."
2026-04-26T04:53:08,race__darkling_elen__male,019dc77c-0ba0-7d52-9313-5e2c75630e53,1:1,1,assets/meshy/race__darkling_elen__male,"Portrait of a male Darkling Elen, single figure, isolated subject, three-quarter view from waist up. tall dark elf, ash-grey skin, white hair, long pointed ears, layered black robes with silver embroidery. dark elf with face fully visible and uncovered, long pointed elven ears clearly showing, ash-grey or blue-black skin, pale silver or blood-red eyes, hollow angular cheekbones, shadow-vein markings on skin, no hood covering face. tall slender elven build like their Sunward kin but gaunter and sharper, 5'10""–6'4"", predator grace, head-low stance. ash-grey to blue-black skin, stark white or raven-black hair, pale silver or blood-red eyes, hollowed angular cheekbones, long pointed ears pierced with iron rings, ageless but haunted, faint shadow-veins visible under skin. hair: long straight hair or shaven sides with a single long braid, spider-silk ornaments, a few with iron circlet or bound hood. attire: dark layered robes and leather, silver-black embroidery, shadow-bind rune-stitching on hem and cuffs, hooded mantle, ceremonial pact-iron at the throat. posture: tall slender elongated like Sunward but head-low predator stance, hollow-eyed, sharper angles. painterly atmospheric character portrait, late-medieval fantasy aesthetic, soft directional lighting, neutral dim background, oil-painting feel, no other characters, no text, no watermark."
2026-04-26T04:53:15,race__skrel__female,019dc77d-4101-7ffd-a460-71e2b1254af5,1:1,1,assets/meshy/race__skrel__female,"Portrait of a female Skrel, single figure, isolated subject, three-quarter view from waist up. three-foot Pathfinder goblin humanoid, green mottled skin, long pointed ears, hooked nose, patchwork scrap-armor. small humanoid goblin-kin raider, three-foot-tall humanoid person, adult face with human-shaped features not feral, waist-high to a human, scrap-armored humanoid scavenger, clearly a small humanoid not a beast not a creature, thin pointed ears, mottled grey skin, wiry humanoid figure. small wiry build, 3'2""–4'0"", long-limbed for the size, knuckle-close arms, wide-splayed clever hands, crouching ready-to-spring posture. mottled grey-brown or dusk-purple skin in blotchy uneven patches, wiry black or rust-red hair, large forward-pointing ears, wide yellow or red eyes for low-light, sharp small teeth, flat snub nose, scar-pocked skin from brawls. hair: ragged uneven hair, dirt-matted topknot, beaded with teeth or bits of scavenged wire. attire: patchwork scrap-hide and salvaged mail, mismatched pauldrons from larger kin, bandoliers of scavenged tools and hook-traps, soot-smeared face, bone-and-wire fetishes. posture: compact crouching predator, low-slung head, long arms close to the ground, one hand usually gripping something scavenged. painterly atmospheric character portrait, late-medieval fantasy aesthetic, soft directional lighting, neutral dim background, oil-painting feel, no other characters, no text, no watermark."
2026-04-26T04:53:17,race__firland__female,019dc77c-0b9e-7d52-b1b8-5b9c9b4f7ed4,1:1,1,assets/meshy/race__firland__female,"Portrait of a female Firland, single figure, isolated subject, three-quarter view from waist up. eight-foot towering forest giant, moss-green or bark-brown skin, leaf-woven hair, rough earth-tone wool robes, druidic staff. towering eight-foot gentle giant, massive oversized scale, head-and-shoulders above a human, broad-barreled figure with oversized open hands, towering forest-keeper. tall heavy build, 7'0""–8'0"", broad-shouldered and thick-limbed but with gentle rounded musculature not brutish, heavy tread but soft-footed, oversized hands. warm earth-toned skin in mossy green-grey, bark-brown, or pale birch tones, long coarse hair in moss-green or russet often braided with leaves and twigs, soft heavy-lidded eyes in amber or deep-forest-green, broad flat nose, small bovine ears, beardless, gentle expression. hair: long loose hair woven with leaves, moss, small flowers, bound in a thick nape-braid, sometimes a crown of antler-velvet fibers. attire: layered rough-woven earth-tone wool and leather, fern-pattern embroidery, staff or druidic focus in hand, mantle of oak leaves or wolf-fur on ceremonial days. posture: towering but stooped-shoulder gentle giant, head slightly forward in a listening posture, hands open and empty by default. painterly atmospheric character portrait, late-medieval fantasy aesthetic, soft directional lighting, neutral dim background, oil-painting feel, no other characters, no text, no watermark."
2026-04-26T04:54:02,race__wyrling__female,019dc77d-8c6a-701f-974c-6a7cfc5d092f,1:1,1,assets/meshy/race__wyrling__female,"Portrait of a female Wyrling, single figure, isolated subject, three-quarter view from waist up. three-foot halfling, curly warm-brown hair, many-pocketed leather jerkin over linen, alert expression. very small three-foot halfling, waist-high to a human, compact adult-proportioned child-sized body, curly warm-brown hair, bright alert face fully visible, cheery clever expression. small nimble build, 3'0""–3'10"", proportionally larger head and eyes, quick-fingered, light on the feet. varied warm skin tones, curly or tousled hair in warm browns, auburn, and honey tones, bright alert brown or green eyes, button nose, expressive eyebrows, clean-shaven with soft cheek-fuzz, impish half-smile. hair: loose curls, braided pigtails, tied-back queue. attire: many-pocketed leather jerkin over bright-dyed linen, long coat, buckled boots, bandoliers of trinkets and keys, guild sash. posture: compact alert low-centered, ready-to-run or ready-to-steal posture, balanced on the toes. painterly atmospheric character portrait, late-medieval fantasy aesthetic, soft directional lighting, neutral dim background, oil-painting feel, no other characters, no text, no watermark."
2026-04-26T04:54:27,race__sunward_elen__male,019dc77d-413a-7ffd-a26a-eb0733d8cef7,1:1,1,assets/meshy/race__sunward_elen__male,"Portrait of a male Sunward Elen, single figure, isolated subject, three-quarter view from waist up. tall high elf, long pointed ears, silver or pale-gold hair, pale luminous skin, silver-embroidered long robes. high elf with face fully visible and uncovered, long pointed elven ears clearly showing, silver or pale-gold hair, violet or gold luminous eyes, ageless fair skin with faint golden undertone, no hood. tall slender elven build, 5'10""–6'4"", long limbs, elegant elongated proportions, graceful precise movement. fair skin with faint golden undertone, straight silver or pale-gold hair, violet or gold eyes, angular high cheekbones, long pointed ears, ageless smooth features, faintly luminous skin. hair: long straight hair often bound in a silver circlet, rune-ringed braid at the temples, sometimes a high crown-braid. attire: long layered robes of fine silk and silver-thread embroidery, rune-stitched hems, high collars, jeweled circlets, ceremonial spell-scroll at the belt. posture: tall upright elongated, straight-spined arcane-scholar posture, measured carriage. painterly atmospheric character portrait, late-medieval fantasy aesthetic, soft directional lighting, neutral dim background, oil-painting feel, no other characters, no text, no watermark."
2026-04-26T04:54:32,race__skrel__male,019dc77d-2f4d-7ffc-a24e-9d3f19b6c155,1:1,1,assets/meshy/race__skrel__male,"Portrait of a male Skrel, single figure, isolated subject, three-quarter view from waist up. three-foot Pathfinder goblin humanoid, green mottled skin, long pointed ears, hooked nose, patchwork scrap-armor. small humanoid goblin-kin raider, three-foot-tall humanoid person, adult face with human-shaped features not feral, waist-high to a human, scrap-armored humanoid scavenger, clearly a small humanoid not a beast not a creature, thin pointed ears, mottled grey skin, wiry humanoid figure. small wiry build, 3'2""–4'0"", long-limbed for the size, knuckle-close arms, wide-splayed clever hands, crouching ready-to-spring posture. mottled grey-brown or dusk-purple skin in blotchy uneven patches, wiry black or rust-red hair, large forward-pointing ears, wide yellow or red eyes for low-light, sharp small teeth, flat snub nose, scar-pocked skin from brawls. hair: ragged uneven hair, dirt-matted topknot, beaded with teeth or bits of scavenged wire. attire: patchwork scrap-hide and salvaged mail, mismatched pauldrons from larger kin, bandoliers of scavenged tools and hook-traps, soot-smeared face, bone-and-wire fetishes. posture: compact crouching predator, low-slung head, long arms close to the ground, one hand usually gripping something scavenged. painterly atmospheric character portrait, late-medieval fantasy aesthetic, soft directional lighting, neutral dim background, oil-painting feel, no other characters, no text, no watermark."
2026-04-26T04:54:50,race__wyrling__male,019dc77d-8726-78ed-8227-7bfe0eb781d6,1:1,1,assets/meshy/race__wyrling__male,"Portrait of a male Wyrling, single figure, isolated subject, three-quarter view from waist up. three-foot halfling, curly warm-brown hair, many-pocketed leather jerkin over linen, alert expression. very small three-foot halfling, waist-high to a human, compact adult-proportioned child-sized body, curly warm-brown hair, bright alert face fully visible, cheery clever expression. small nimble build, 3'0""–3'10"", proportionally larger head and eyes, quick-fingered, light on the feet. varied warm skin tones, curly or tousled hair in warm browns, auburn, and honey tones, bright alert brown or green eyes, button nose, expressive eyebrows, clean-shaven with soft cheek-fuzz, impish half-smile. hair: loose curls, braided pigtails, tied-back queue. attire: many-pocketed leather jerkin over bright-dyed linen, long coat, buckled boots, bandoliers of trinkets and keys, guild sash. posture: compact alert low-centered, ready-to-run or ready-to-steal posture, balanced on the toes. painterly atmospheric character portrait, late-medieval fantasy aesthetic, soft directional lighting, neutral dim background, oil-painting feel, no other characters, no text, no watermark."
2026-04-26T04:54:53,race__sunward_elen__female,019dc77d-7057-78e4-9239-27e24238d42d,1:1,1,assets/meshy/race__sunward_elen__female,"Portrait of a female Sunward Elen, single figure, isolated subject, three-quarter view from waist up. tall high elf, long pointed ears, silver or pale-gold hair, pale luminous skin, silver-embroidered long robes. high elf with face fully visible and uncovered, long pointed elven ears clearly showing, silver or pale-gold hair, violet or gold luminous eyes, ageless fair skin with faint golden undertone, no hood. tall slender elven build, 5'10""–6'4"", long limbs, elegant elongated proportions, graceful precise movement. fair skin with faint golden undertone, straight silver or pale-gold hair, violet or gold eyes, angular high cheekbones, long pointed ears, ageless smooth features, faintly luminous skin. hair: long straight hair often bound in a silver circlet, rune-ringed braid at the temples, sometimes a high crown-braid. attire: long layered robes of fine silk and silver-thread embroidery, rune-stitched hems, high collars, jeweled circlets, ceremonial spell-scroll at the belt. posture: tall upright elongated, straight-spined arcane-scholar posture, measured carriage. painterly atmospheric character portrait, late-medieval fantasy aesthetic, soft directional lighting, neutral dim background, oil-painting feel, no other characters, no text, no watermark."
