timestamp,ability_id,seed,elapsed_s,size_bytes,status
2026-04-19T14:21:41,arcana.control.25.arcane.slow,-1,22.05,1469661,ok
2026-04-19T14:22:03,arcana.damage.25.earth.stone_pebble,-1,22.13,1404754,ok
2026-04-19T14:22:25,arcana.enhancement.25.lightning.shock_weapon,-1,22.02,1614103,ok
2026-04-19T14:22:47,arcana.healing.75.arcane.mass_mend,-1,22.03,2166539,ok
2026-04-19T14:23:09,arcana.summoning.25.nature.forest_sprite,-1,22.18,1825973,ok
2026-04-19T14:23:31,finesse.mobility.25.thrown.back_flip,-1,22.19,1686665,ok
2026-04-19T14:23:53,finesse.stealth.100.dagger.assassin_walk,-1,22.22,1274102,ok
2026-04-19T14:24:16,finesse.utility.75.acrobat.traverse,-1,22.18,1354563,ok
2026-04-19T14:24:38,might.control.100.unarmed.nerve_strike,-1,22.07,1844391,ok
2026-04-19T14:25:00,might.offense.100.blunt.skullcrusher,-1,22.54,0,error: 500 Server Error: Internal Server Error for url: http://127.0.0.1:8080/sdapi/v1/txt2img
2026-04-19T19:44:27,arcana.control.25.blood.bleed,-1,22.12,1655056,ok
2026-04-19T19:44:49,arcana.control.25.devotion.compel_truth,-1,22.18,1489308,ok
2026-04-19T19:45:11,arcana.control.25.earth.entangle_stone,-1,22.22,1257746,ok
2026-04-19T19:45:33,arcana.control.25.fire.searing_mark,-1,22.18,1837154,ok
2026-04-19T19:45:55,arcana.control.25.frost.chill,-1,22.27,2092044,ok
2026-04-19T19:46:18,arcana.control.25.light.dazzle,-1,22.21,1888103,ok
2026-04-19T19:46:40,arcana.control.25.lightning.paralytic_spark,-1,22.23,2153499,ok
2026-04-19T19:47:02,arcana.control.25.nature.creeping_vines,-1,22.25,1514091,ok
2026-04-19T19:47:24,arcana.control.25.shadow.dread,-1,22.27,1834477,ok
2026-04-19T19:47:47,arcana.control.50.arcane.mage_hold,-1,43.83,1865379,ok
2026-04-19T19:48:30,arcana.control.50.blood.blood_bind,-1,22.17,1877855,ok
2026-04-19T19:48:53,arcana.control.50.devotion.oath_bind,-1,22.02,2565454,ok
2026-04-19T19:49:15,arcana.control.50.earth.earthgrip,-1,22.23,1856743,ok
2026-04-19T19:49:37,arcana.control.50.fire.burning_anchor,-1,21.87,1739723,ok
2026-04-19T19:49:59,arcana.control.50.frost.freeze,-1,22.26,1834751,ok
2026-04-19T19:50:21,arcana.control.50.light.holy_pin,-1,22.18,2195683,ok
2026-04-19T19:50:43,arcana.control.50.lightning.shock_lock,-1,22.12,2247031,ok
2026-04-19T19:51:05,arcana.control.50.nature.entangle,-1,22.08,1740013,ok
2026-04-19T19:51:27,arcana.control.50.shadow.shadow_tether,-1,22.15,1600414,ok
2026-04-19T19:51:49,arcana.control.75.arcane.mass_hold,-1,22.17,2146883,ok
2026-04-19T19:52:12,arcana.control.75.blood.hemorrhage_wave,-1,22.27,1989809,ok
2026-04-19T19:52:34,arcana.control.75.devotion.mass_oath,-1,22.27,2104338,ok
2026-04-19T19:52:56,arcana.control.75.earth.petrify,-1,22.26,1241633,ok
2026-04-19T19:53:18,arcana.control.75.fire.inferno_lock,-1,21.87,1790960,ok
2026-04-19T19:53:40,arcana.control.75.frost.deep_freeze,-1,22.28,2482061,ok
2026-04-19T19:54:03,arcana.control.75.light.dawnbreak,-1,22.28,2024008,ok
2026-04-19T19:54:25,arcana.control.75.lightning.thunder_stun,-1,22.14,1837356,ok
2026-04-19T19:54:47,arcana.control.75.nature.sleep_pollen,-1,22.13,1842441,ok
2026-04-19T19:55:09,arcana.control.75.shadow.mass_terror,-1,22.19,1475942,ok
2026-04-19T19:55:31,arcana.control.100.arcane.geas,-1,22.29,2519313,ok
2026-04-19T19:55:54,arcana.control.100.blood.blood_oath,-1,22.17,2202492,ok
2026-04-19T19:56:16,arcana.control.100.devotion.divine_judgment,-1,22.07,2095029,ok
2026-04-19T19:56:38,arcana.control.100.earth.stoneform_curse,-1,22.16,2093484,ok
2026-04-19T19:57:00,arcana.control.100.fire.immolation_curse,-1,22.15,1979509,ok
2026-04-19T19:57:22,arcana.control.100.frost.frozen_will,-1,22.12,2010350,ok
2026-04-19T19:57:44,arcana.control.100.light.divine_compulsion,-1,22.09,2388654,ok
2026-04-19T19:58:06,arcana.control.100.lightning.mind_shock,-1,22.12,1983395,ok
2026-04-19T19:58:28,arcana.control.100.nature.beast_command,-1,22.01,2033422,ok
2026-04-19T19:58:50,arcana.control.100.shadow.domination,-1,22.06,1804094,ok
2026-04-19T19:59:13,arcana.damage.25.arcane.magic_missile,-1,22.11,1944462,ok
2026-04-19T19:59:35,arcana.damage.25.blood.sanguine_tap,-1,22.26,1525039,ok
2026-04-19T19:59:57,arcana.damage.25.devotion.self_spark,-1,22.36,1667869,ok
2026-04-19T20:00:19,arcana.damage.25.fire.fire_spark,-1,21.96,1408269,ok
2026-04-19T20:00:41,arcana.damage.25.frost.ray_of_frost,-1,22.35,1698569,ok
2026-04-19T20:01:04,arcana.damage.25.light.sacred_spark,-1,22.38,1929691,ok
2026-04-19T20:01:26,arcana.damage.25.lightning.shock_jolt,-1,22.37,1657226,ok
2026-04-19T20:01:48,arcana.damage.25.nature.thorn_dart,-1,22.19,1080929,ok
2026-04-19T20:02:11,arcana.damage.25.shadow.chill_touch,-1,22.19,1674068,ok
2026-04-19T20:02:33,arcana.damage.50.arcane.force_bolt,-1,22.37,1706418,ok
2026-04-19T20:02:55,arcana.damage.50.blood.hemorrhage,-1,22.27,2188132,ok
2026-04-19T20:03:17,arcana.damage.50.devotion.sacrificial_bolt,-1,22.20,1574681,ok
2026-04-19T20:03:40,arcana.damage.50.earth.stone_spike,-1,22.24,1502453,ok
2026-04-19T20:04:02,arcana.damage.50.fire.firebolt,-1,21.82,822801,ok
2026-04-19T20:04:24,arcana.damage.50.frost.ice_lance,-1,22.23,1559746,ok
2026-04-19T20:04:46,arcana.damage.50.light.radiant_strike,-1,22.23,1933991,ok
2026-04-19T20:05:08,arcana.damage.50.lightning.lightning_bolt,-1,22.32,2048274,ok
2026-04-19T20:05:30,arcana.damage.50.nature.barbvine,-1,22.27,1734969,ok
2026-04-19T20:05:53,arcana.damage.50.shadow.shadow_bolt,-1,22.25,1898298,ok
2026-04-19T20:06:15,arcana.damage.75.arcane.arcane_burst,-1,22.26,2335908,ok
2026-04-19T20:06:37,arcana.damage.75.blood.blood_plague,-1,22.38,2047408,ok
2026-04-19T20:07:00,arcana.damage.75.devotion.searing_oath,-1,22.36,1536788,ok
2026-04-19T20:07:22,arcana.damage.75.earth.rock_slide,-1,22.32,1737738,ok
2026-04-19T20:07:44,arcana.damage.75.frost.blizzard,-1,22.27,1411099,ok
2026-04-19T20:08:07,arcana.damage.75.light.searing_dawn,-1,22.39,1826135,ok
2026-04-19T20:08:29,arcana.damage.75.lightning.chain_storm,-1,22.32,2054512,ok
2026-04-19T20:08:51,arcana.damage.75.nature.thorn_storm,-1,22.24,2086647,ok
2026-04-19T20:09:13,arcana.damage.75.shadow.umbral_wave,-1,22.26,1259883,ok
2026-04-19T20:09:36,arcana.damage.100.arcane.arcane_annihilation,-1,22.26,1994923,ok
2026-04-19T20:09:58,arcana.damage.100.blood.crimson_tide,-1,22.23,1482977,ok
2026-04-19T20:10:20,arcana.damage.100.devotion.martyrs_pyre,-1,22.29,1590461,ok
2026-04-19T20:10:43,arcana.damage.100.earth.earthquake,-1,22.23,1803171,ok
2026-04-19T20:11:05,arcana.damage.100.fire.meteor,-1,21.89,1573724,ok
2026-04-19T20:11:27,arcana.damage.100.frost.glacier,-1,22.21,2321904,ok
2026-04-19T20:11:49,arcana.damage.100.light.sunlance,-1,22.37,1514951,ok
2026-04-19T20:12:11,arcana.damage.100.lightning.sky_fury,-1,22.25,1433769,ok
2026-04-19T20:12:33,arcana.damage.100.nature.world_awakening,-1,22.30,2010424,ok
2026-04-19T20:12:56,arcana.damage.100.shadow.void_rift,-1,22.41,2018776,ok
2026-04-19T20:13:18,arcana.enhancement.25.arcane.bless_focus,-1,22.13,2390388,ok
2026-04-19T20:13:40,arcana.enhancement.25.blood.bloodthirst,-1,22.33,1802925,ok
2026-04-19T20:14:03,arcana.enhancement.25.devotion.pledged_bond,-1,22.20,1978859,ok
2026-04-19T20:14:25,arcana.enhancement.25.earth.weighted_strike,-1,22.32,1355781,ok
2026-04-19T20:14:47,arcana.enhancement.25.fire.ignite_weapon,-1,21.85,1574236,ok
2026-04-19T20:15:09,arcana.enhancement.25.frost.chill_weapon,-1,22.31,2004029,ok
2026-04-19T20:15:31,arcana.enhancement.25.light.bless,-1,22.26,1832136,ok
2026-04-19T20:15:54,arcana.enhancement.25.nature.thorn_weapon,-1,22.29,1602234,ok
2026-04-19T20:16:16,arcana.enhancement.25.shadow.shadow_edge,-1,22.25,1538633,ok
2026-04-19T20:16:38,arcana.enhancement.50.arcane.empower_weapon,-1,22.32,2095897,ok
2026-04-19T20:17:00,arcana.enhancement.50.blood.bloodfang,-1,22.13,1497111,ok
2026-04-19T20:17:23,arcana.enhancement.50.devotion.devoted_strike,-1,22.22,1605621,ok
2026-04-19T20:17:45,arcana.enhancement.50.earth.stoneblow,-1,22.22,1793523,ok
2026-04-19T20:18:07,arcana.enhancement.50.fire.flame_tongue,-1,21.77,1542903,ok
2026-04-19T20:18:29,arcana.enhancement.50.frost.frostbrand,-1,22.16,1817635,ok
2026-04-19T20:18:51,arcana.enhancement.50.light.radiant_edge,-1,22.12,1942409,ok
2026-04-19T20:19:13,arcana.enhancement.50.lightning.storm_blade,-1,22.26,1781332,ok
2026-04-19T20:19:35,arcana.enhancement.50.nature.living_weapon,-1,22.05,1706177,ok
2026-04-19T20:19:57,arcana.enhancement.50.shadow.shadow_fang,-1,22.11,1810465,ok
2026-04-19T20:20:19,arcana.enhancement.75.arcane.arcane_haste,-1,22.16,2117986,ok
2026-04-19T20:20:42,arcana.enhancement.75.blood.blood_rite,-1,22.27,1759058,ok
2026-04-19T20:21:04,arcana.enhancement.75.devotion.mass_covenant,-1,22.29,1922722,ok
2026-04-19T20:21:26,arcana.enhancement.75.earth.endurance,-1,22.27,1711089,ok
2026-04-19T20:21:48,arcana.enhancement.75.fire.fervor,-1,21.75,1221009,ok
2026-04-19T20:22:10,arcana.enhancement.75.frost.crystallized_focus,-1,22.11,2010661,ok
2026-04-19T20:22:32,arcana.enhancement.75.light.group_haste,-1,22.27,2167175,ok
2026-04-19T20:22:55,arcana.enhancement.75.lightning.quickening,-1,22.24,1735642,ok
2026-04-19T20:23:17,arcana.enhancement.75.nature.wild_surge,-1,22.31,1643732,ok
2026-04-19T20:23:39,arcana.enhancement.75.shadow.dread_pact,-1,22.28,1647835,ok
2026-04-19T20:24:01,arcana.enhancement.100.arcane.apotheosis_arcane,-1,22.28,2091672,ok
2026-04-19T20:24:24,arcana.enhancement.100.blood.blood_avatar,-1,22.09,1160649,ok
2026-04-19T20:24:46,arcana.enhancement.100.devotion.ascended_vow,-1,22.17,2103265,ok
2026-04-19T20:25:08,arcana.enhancement.100.earth.mountain_form,-1,22.13,1695476,ok
2026-04-19T20:25:30,arcana.enhancement.100.fire.phoenix_form,-1,22.16,2141992,ok
2026-04-19T20:25:52,arcana.enhancement.100.frost.winters_blessing,-1,22.17,1851811,ok
2026-04-19T20:26:14,arcana.enhancement.100.light.ascended,-1,22.12,2024891,ok
2026-04-19T20:26:37,arcana.enhancement.100.lightning.storm_form,-1,22.17,2159390,ok
2026-04-19T20:26:59,arcana.enhancement.100.nature.beast_lord,-1,22.30,1809333,ok
2026-04-19T20:27:21,arcana.enhancement.100.shadow.shadowlord,-1,22.29,1815754,ok
2026-04-19T20:27:43,arcana.healing.25.arcane.mend_wounds,-1,22.25,1860382,ok
2026-04-19T20:28:06,arcana.healing.25.blood.tap_vitae,-1,22.24,1918489,ok
2026-04-19T20:28:28,arcana.healing.25.devotion.tithe,-1,22.25,1844338,ok
2026-04-19T20:28:50,arcana.healing.25.light.bless_wound,-1,22.27,2329827,ok
2026-04-19T20:29:12,arcana.healing.25.nature.regrowth,-1,22.24,1502171,ok
2026-04-19T20:29:35,arcana.healing.50.arcane.restore,-1,22.24,1897650,ok
2026-04-19T20:29:57,arcana.healing.50.blood.sanguine_restore,-1,22.28,1837717,ok
2026-04-19T20:30:19,arcana.healing.50.devotion.martyrs_gift,-1,22.25,1350469,ok
2026-04-19T20:30:41,arcana.healing.50.light.cure_wounds,-1,22.23,1897089,ok
2026-04-19T20:31:04,arcana.healing.50.nature.rejuvenate,-1,22.23,1756242,ok
2026-04-19T20:31:26,arcana.healing.75.blood.blood_pact,-1,22.17,1974972,ok
2026-04-19T20:31:48,arcana.healing.75.devotion.communion,-1,22.14,1790608,ok
2026-04-19T20:32:10,arcana.healing.75.nature.grove_pulse,-1,22.29,1613024,ok
2026-04-19T20:32:32,arcana.healing.100.arcane.full_restore,-1,22.35,2223479,ok
2026-04-19T20:32:55,arcana.healing.100.blood.sacrifice_ritual,-1,22.26,1814461,ok
2026-04-19T20:33:17,arcana.healing.100.devotion.martyrdom_ritual,-1,22.16,1466333,ok
2026-04-19T20:33:39,arcana.healing.100.light.resurrection,-1,22.17,1787623,ok
2026-04-19T20:34:01,arcana.healing.100.nature.worldheal,-1,22.16,1799855,ok
2026-04-19T20:34:23,arcana.protection.25.arcane.arcane_guard,-1,22.24,1939132,ok
2026-04-19T20:34:46,arcana.protection.25.earth.stone_skin,-1,22.23,1669631,ok
2026-04-19T20:35:08,arcana.protection.25.fire.ember_ward,-1,21.86,1766501,ok
2026-04-19T20:35:30,arcana.protection.25.frost.frost_armor,-1,22.17,1911653,ok
2026-04-19T20:35:52,arcana.protection.25.light.blessed_shield,-1,22.28,1685951,ok
2026-04-19T20:36:14,arcana.protection.25.nature.barkskin,-1,22.30,1932137,ok
2026-04-19T20:36:37,arcana.protection.25.shadow.shadow_veil,-1,22.11,1570411,ok
2026-04-19T20:36:59,arcana.protection.50.arcane.force_shield,-1,22.28,2154113,ok
2026-04-19T20:37:21,arcana.protection.50.earth.stone_guardian,-1,22.22,1385531,ok
2026-04-19T20:37:43,arcana.protection.50.fire.ember_mantle,-1,21.75,1646923,ok
2026-04-19T20:38:05,arcana.protection.50.frost.ice_barrier,-1,22.14,2029290,ok
2026-04-19T20:38:27,arcana.protection.50.light.sanctuary,-1,22.09,2214267,ok
2026-04-19T20:38:49,arcana.protection.50.nature.thornbark,-1,22.15,2183743,ok
2026-04-19T20:39:11,arcana.protection.50.shadow.umbral_cloak,-1,22.08,1697921,ok
2026-04-19T20:39:33,arcana.protection.75.arcane.arcane_dome,-1,22.02,2287783,ok
2026-04-19T20:39:55,arcana.protection.75.earth.standing_stones,-1,22.20,1285687,ok
2026-04-19T20:40:18,arcana.protection.75.fire.ring_of_ashes,-1,21.65,1329693,ok
2026-04-19T20:40:39,arcana.protection.75.frost.frozen_hall,-1,22.07,2364535,ok
2026-04-19T20:41:01,arcana.protection.75.light.aegis_radiant,-1,22.27,1823240,ok
2026-04-19T20:41:24,arcana.protection.75.nature.grove_haven,-1,22.25,1871887,ok
2026-04-19T20:41:46,arcana.protection.75.shadow.void_shroud,-1,21.88,2051069,ok
2026-04-19T20:42:08,arcana.protection.100.arcane.timeless_ward,-1,21.78,2201423,ok
2026-04-19T20:42:30,arcana.protection.100.earth.worldstone,-1,22.29,1665792,ok
2026-04-19T20:42:52,arcana.protection.100.fire.phoenix_aegis,-1,22.17,1999181,ok
2026-04-19T20:43:14,arcana.protection.100.frost.glacial_lock,-1,22.05,1928599,ok
2026-04-19T20:43:36,arcana.protection.100.light.hallowed_refuge,-1,22.15,2343015,ok
2026-04-19T20:43:58,arcana.protection.100.nature.treant_form,-1,22.06,2159524,ok
2026-04-19T20:44:20,arcana.protection.100.shadow.void_phase,-1,22.11,2357121,ok
2026-04-19T20:44:42,arcana.summoning.25.arcane.mage_hand,-1,22.22,1990419,ok
2026-04-19T20:45:05,arcana.summoning.25.earth.stone_homunculus,-1,22.16,1448724,ok
2026-04-19T20:45:27,arcana.summoning.25.fire.fire_sprite,-1,21.78,1655244,ok
2026-04-19T20:45:48,arcana.summoning.25.frost.ice_wisp,-1,22.12,1912786,ok
2026-04-19T20:46:11,arcana.summoning.25.light.mote_of_dawn,-1,22.07,2152995,ok
2026-04-19T20:46:33,arcana.summoning.25.lightning.spark_nymph,-1,22.17,1583532,ok
2026-04-19T20:46:55,arcana.summoning.25.shadow.shadow_imp,-1,22.00,1746606,ok
2026-04-19T20:47:17,arcana.summoning.50.arcane.arcane_familiar,-1,22.01,2305757,ok
2026-04-19T20:47:39,arcana.summoning.50.earth.lesser_earth_elem,-1,22.03,1181951,ok
2026-04-19T20:48:01,arcana.summoning.50.fire.lesser_fire_elem,-1,21.70,1708521,ok
2026-04-19T20:48:23,arcana.summoning.50.frost.lesser_frost_elem,-1,22.14,2293924,ok
2026-04-19T20:48:45,arcana.summoning.50.light.lesser_angel,-1,22.09,1919017,ok
2026-04-19T20:49:07,arcana.summoning.50.lightning.storm_wisp,-1,22.05,1735499,ok
2026-04-19T20:49:29,arcana.summoning.50.nature.beast_companion,-1,22.05,1931319,ok
2026-04-19T20:49:51,arcana.summoning.50.shadow.lesser_shade,-1,22.04,1764698,ok
2026-04-19T20:50:13,arcana.summoning.75.arcane.arcane_construct,-1,22.06,2309912,ok
2026-04-19T20:50:35,arcana.summoning.75.earth.earth_elemental,-1,22.08,2164541,ok
2026-04-19T20:50:57,arcana.summoning.75.fire.fire_elemental,-1,21.67,1662776,ok
2026-04-19T20:51:19,arcana.summoning.75.frost.frost_elemental,-1,22.04,1690853,ok
2026-04-19T20:51:41,arcana.summoning.75.light.celestial_warrior,-1,22.04,1768367,ok
2026-04-19T20:52:03,arcana.summoning.75.lightning.storm_elemental,-1,22.04,1856653,ok
2026-04-19T20:52:25,arcana.summoning.75.nature.dire_beast,-1,22.05,1851075,ok
2026-04-19T20:52:47,arcana.summoning.75.shadow.wraith,-1,22.05,1955548,ok
2026-04-19T20:53:09,arcana.summoning.100.arcane.arcane_primal,-1,22.08,2229191,ok
2026-04-19T20:53:31,arcana.summoning.100.earth.mountain_avatar,-1,22.05,1405097,ok
2026-04-19T20:53:53,arcana.summoning.100.fire.fire_lord,-1,21.67,1520492,ok
2026-04-19T20:54:15,arcana.summoning.100.frost.winter_avatar,-1,22.07,2132080,ok
2026-04-19T20:54:37,arcana.summoning.100.light.seraph,-1,22.03,1686638,ok
2026-04-19T20:54:59,arcana.summoning.100.lightning.storm_avatar,-1,22.06,2088734,ok
2026-04-19T20:55:21,arcana.summoning.100.nature.ancient_treant,-1,22.05,2040238,ok
2026-04-19T20:55:43,finesse.evasion.25.acrobat.dodge,-1,22.04,1671772,ok
2026-04-19T20:56:05,finesse.evasion.25.silent.fade,-1,22.04,1575937,ok
2026-04-19T20:56:27,finesse.evasion.25.tonics.slick_oil,-1,22.04,1646430,ok
2026-04-19T20:56:49,finesse.evasion.25.trickster.feint_dodge,-1,21.83,1791997,ok
2026-04-19T20:57:11,finesse.evasion.50.acrobat.tumble_dodge,-1,22.01,1529840,ok
2026-04-19T20:57:33,finesse.evasion.50.silent.shadow_side,-1,22.00,1291594,ok
2026-04-19T20:57:55,finesse.evasion.50.tonics.shielding_tincture,-1,22.24,1847161,ok
2026-04-19T20:58:17,finesse.evasion.50.trickster.mirror_image,-1,22.25,1728224,ok
2026-04-19T20:58:39,finesse.evasion.75.acrobat.rolling_deflect,-1,22.11,1223424,ok
2026-04-19T20:59:02,finesse.evasion.75.silent.phase_shift,-1,22.04,1326631,ok
2026-04-19T20:59:24,finesse.evasion.75.tonics.protective_elixir,-1,22.24,2135877,ok
2026-04-19T20:59:46,finesse.evasion.75.trickster.twin_mirror,-1,22.20,1664295,ok
2026-04-19T21:00:08,finesse.evasion.100.acrobat.ghost_step,-1,22.33,1454539,ok
2026-04-19T21:00:30,finesse.evasion.100.silent.shadow_absolute,-1,21.52,1278936,ok
2026-04-19T21:00:52,finesse.evasion.100.tonics.sacred_draught,-1,22.05,2073056,ok
2026-04-19T21:01:14,finesse.evasion.100.trickster.mirror_army,-1,22.07,2098927,ok
2026-04-19T21:01:36,finesse.mobility.25.acrobat.tumble,-1,22.06,1677732,ok
2026-04-19T21:01:58,finesse.mobility.25.bow.scout_step,-1,22.20,1481528,ok
2026-04-19T21:02:20,finesse.mobility.25.trickster.misdirect_step,-1,22.24,1774077,ok
2026-04-19T21:02:42,finesse.mobility.50.acrobat.sprint,-1,22.24,1488647,ok
2026-04-19T21:03:05,finesse.mobility.50.bow.ranger_sprint,-1,22.25,1449633,ok
2026-04-19T21:03:27,finesse.mobility.50.thrown.skipper,-1,22.26,1479711,ok
2026-04-19T21:03:49,finesse.mobility.50.trickster.jester_jig,-1,22.25,1436337,ok
2026-04-19T21:04:11,finesse.mobility.75.acrobat.acrobat_traverse,-1,22.26,1831698,ok
2026-04-19T21:04:34,finesse.mobility.75.bow.bow_stride,-1,22.23,1698125,ok
2026-04-19T21:04:56,finesse.mobility.75.thrown.hurler_leap,-1,22.26,1552118,ok
2026-04-19T21:05:18,finesse.mobility.75.trickster.mirror_jig,-1,22.26,1749755,ok
2026-04-19T21:05:40,finesse.mobility.100.acrobat.shadow_dart,-1,22.25,1837122,ok
2026-04-19T21:06:03,finesse.mobility.100.bow.wind_walk,-1,22.23,1372192,ok
2026-04-19T21:06:25,finesse.mobility.100.thrown.storm_leap,-1,22.27,1757173,ok
2026-04-19T21:06:47,finesse.mobility.100.trickster.trick_teleport,-1,22.26,1730505,ok
2026-04-19T21:07:10,finesse.precision.25.alchemy.acid_flask_minor,-1,22.25,1764674,ok
2026-04-19T21:07:32,finesse.precision.25.bow.aimed_shot,-1,22.20,1020859,ok
2026-04-19T21:07:54,finesse.precision.25.dagger.backstab,-1,22.20,812341,ok
2026-04-19T21:08:16,finesse.precision.25.poison.injected_prick,-1,22.26,1674429,ok
2026-04-19T21:08:38,finesse.precision.25.thrown.aimed_throw,-1,22.26,1406805,ok
2026-04-19T21:09:01,finesse.precision.50.alchemy.acid_vial,-1,22.22,1004857,ok
2026-04-19T21:09:23,finesse.precision.50.bow.marked_shot,-1,22.22,1076219,ok
2026-04-19T21:09:45,finesse.precision.50.dagger.sneak_attack,-1,22.25,1375979,ok
2026-04-19T21:10:07,finesse.precision.50.poison.venom_strike,-1,22.27,1528954,ok
2026-04-19T21:10:30,finesse.precision.50.thrown.weighted_throw,-1,22.26,1550237,ok
2026-04-19T21:10:52,finesse.precision.75.alchemy.acid_spray,-1,22.29,1301746,ok
2026-04-19T21:11:14,finesse.precision.75.bow.piercing_shot,-1,22.25,1317765,ok
2026-04-19T21:11:36,finesse.precision.75.dagger.crit_cascade,-1,22.22,1201876,ok
2026-04-19T21:11:59,finesse.precision.75.poison.mass_envenom,-1,22.26,1811804,ok
2026-04-19T21:12:21,finesse.precision.75.thrown.flurry_throw,-1,22.24,1624513,ok
2026-04-19T21:12:43,finesse.precision.100.alchemy.dissolving_agent,-1,22.26,1734879,ok
2026-04-19T21:13:05,finesse.precision.100.bow.deathsight,-1,22.25,1742979,ok
2026-04-19T21:13:28,finesse.precision.100.dagger.assassinate,-1,22.27,1502173,ok
2026-04-19T21:13:50,finesse.precision.100.poison.plague_kiss,-1,22.27,1709058,ok
2026-04-19T21:14:12,finesse.precision.100.thrown.impaling_spear,-1,22.23,1402730,ok
2026-04-19T21:14:34,finesse.stealth.25.dagger.slip_blade,-1,22.25,1642102,ok
2026-04-19T21:14:57,finesse.stealth.25.silent.hide,-1,22.22,1007558,ok
2026-04-19T21:15:19,finesse.stealth.25.trickster.disguise,-1,22.21,1363886,ok
2026-04-19T21:15:41,finesse.stealth.50.dagger.shadow_strike,-1,22.26,1384042,ok
2026-04-19T21:16:03,finesse.stealth.50.silent.shadow_cloak,-1,22.25,1439216,ok
2026-04-19T21:16:26,finesse.stealth.50.trickster.false_face,-1,22.23,1146006,ok
2026-04-19T21:16:48,finesse.stealth.75.dagger.vanish_blade,-1,22.21,1140855,ok
2026-04-19T21:17:10,finesse.stealth.75.silent.vanish,-1,22.22,1394785,ok
2026-04-19T21:17:32,finesse.stealth.75.trickster.shadow_twin,-1,22.23,1496446,ok
2026-04-19T21:17:55,finesse.stealth.100.silent.shadow_walk,-1,22.24,1195634,ok
2026-04-19T21:18:17,finesse.stealth.100.trickster.mirror_walk,-1,22.22,1079660,ok
2026-04-19T21:18:39,finesse.trickery.25.alchemy.smoke_pellet,-1,22.21,1047498,ok
2026-04-19T21:19:01,finesse.trickery.25.dagger.quick_feint,-1,22.20,1101454,ok
2026-04-19T21:19:23,finesse.trickery.25.poison.itch_poison,-1,22.25,1702663,ok
2026-04-19T21:19:46,finesse.trickery.25.silent.whisper,-1,22.26,1574128,ok
2026-04-19T21:20:08,finesse.trickery.25.tonics.calming_tonic,-1,22.25,1520646,ok
2026-04-19T21:20:30,finesse.trickery.25.trickster.feint,-1,22.25,1235192,ok
2026-04-19T21:20:52,finesse.trickery.50.alchemy.smoke_bomb,-1,22.23,1082175,ok
2026-04-19T21:21:15,finesse.trickery.50.dagger.blind_jab,-1,22.27,1685280,ok
2026-04-19T21:21:37,finesse.trickery.50.poison.distract_venom,-1,22.28,1888117,ok
2026-04-19T21:21:59,finesse.trickery.50.silent.distract,-1,22.24,1367996,ok
2026-04-19T21:22:21,finesse.trickery.50.tonics.blessed_mist,-1,22.25,1504858,ok
2026-04-19T21:22:44,finesse.trickery.50.trickster.jester_distract,-1,22.24,1264091,ok
2026-04-19T21:23:06,finesse.trickery.75.alchemy.fog_grenade,-1,22.22,1230491,ok
2026-04-19T21:23:28,finesse.trickery.75.dagger.blind_blade,-1,22.21,1349816,ok
2026-04-19T21:23:50,finesse.trickery.75.poison.mind_fog_poison,-1,22.22,1495403,ok
2026-04-19T21:24:13,finesse.trickery.75.silent.blind,-1,22.21,1394455,ok
2026-04-19T21:24:35,finesse.trickery.75.tonics.sanctified_air,-1,22.25,1953776,ok
2026-04-19T21:24:57,finesse.trickery.75.trickster.mass_confuse,-1,22.26,1794212,ok
2026-04-19T21:25:19,finesse.trickery.100.alchemy.hallucinogenic_bomb,-1,22.23,1693538,ok
2026-04-19T21:25:42,finesse.trickery.100.dagger.shadow_execution,-1,22.22,1290789,ok
2026-04-19T21:26:04,finesse.trickery.100.poison.hallucinate,-1,22.22,1475269,ok
2026-04-19T21:26:26,finesse.trickery.100.silent.impersonate,-1,22.23,1524897,ok
2026-04-19T21:26:48,finesse.trickery.100.tonics.revelation_draught,-1,22.25,1836932,ok
2026-04-19T21:27:10,finesse.trickery.100.trickster.mass_illusion,-1,22.26,1960892,ok
2026-04-19T21:27:33,finesse.utility.25.acrobat.climb,-1,22.25,1975745,ok
2026-04-19T21:27:55,finesse.utility.25.alchemy.caltrop_spread,-1,22.24,1728065,ok
2026-04-19T21:28:17,finesse.utility.25.bow.scout_shot,-1,22.23,1293090,ok
2026-04-19T21:28:39,finesse.utility.25.poison.brew_minor,-1,22.24,1632434,ok
2026-04-19T21:29:02,finesse.utility.25.silent.detect,-1,22.23,1456264,ok
2026-04-19T21:29:24,finesse.utility.25.thrown.rope_throw,-1,22.26,1644945,ok
2026-04-19T21:29:46,finesse.utility.25.tonics.restorative_tea,-1,22.24,1996849,ok
2026-04-19T21:30:08,finesse.utility.25.trickster.con,-1,22.25,1911372,ok
2026-04-19T21:30:31,finesse.utility.50.acrobat.rope_walker,-1,22.27,1809854,ok
2026-04-19T21:30:53,finesse.utility.50.alchemy.oil_slick,-1,22.25,1599514,ok
2026-04-19T21:31:15,finesse.utility.50.bow.eagle_eye,-1,22.19,1690808,ok
2026-04-19T21:31:37,finesse.utility.50.poison.brew_venom,-1,22.28,1893209,ok
2026-04-19T21:32:00,finesse.utility.50.silent.listener,-1,22.24,1556391,ok
2026-04-19T21:32:22,finesse.utility.50.thrown.bolas_throw,-1,22.22,2033900,ok
2026-04-19T21:32:44,finesse.utility.50.tonics.healing_draught,-1,22.27,1685164,ok
2026-04-19T21:33:06,finesse.utility.50.trickster.forgery,-1,22.25,1535689,ok
2026-04-19T21:33:29,finesse.utility.75.alchemy.breaching_charge,-1,22.23,1511838,ok
2026-04-19T21:33:51,finesse.utility.75.bow.hawksight,-1,22.23,1330863,ok
2026-04-19T21:34:13,finesse.utility.75.poison.distilled_venom,-1,22.26,2021936,ok
2026-04-19T21:34:35,finesse.utility.75.silent.shadow_detect,-1,22.23,1433426,ok
2026-04-19T21:34:58,finesse.utility.75.thrown.anchor_throw,-1,22.23,1204035,ok
2026-04-19T21:35:20,finesse.utility.75.tonics.mass_tonic,-1,22.24,1697223,ok
2026-04-19T21:35:42,finesse.utility.75.trickster.fast_talk,-1,22.26,1775502,ok
2026-04-19T21:36:04,finesse.utility.100.acrobat.wall_dance,-1,22.26,1900640,ok
2026-04-19T21:36:27,finesse.utility.100.alchemy.master_brew,-1,22.24,1912721,ok
2026-04-19T21:36:49,finesse.utility.100.bow.pathfinder_sight,-1,22.24,1700254,ok
2026-04-19T21:37:11,finesse.utility.100.poison.master_brewer,-1,22.24,1924913,ok
2026-04-19T21:37:33,finesse.utility.100.silent.pathfinder,-1,22.24,1651861,ok
2026-04-19T21:37:56,finesse.utility.100.thrown.storm_rigging,-1,22.26,1838619,ok
2026-04-19T21:38:18,finesse.utility.100.tonics.elixir_of_life,-1,22.24,1772897,ok
2026-04-19T21:38:40,finesse.utility.100.trickster.master_con,-1,22.25,1597093,ok
2026-04-19T21:39:02,might.control.25.blade.disarm,-1,22.23,1370581,ok
2026-04-19T21:39:24,might.control.25.blunt.stunning_blow,-1,22.22,1270178,ok
2026-04-19T21:39:47,might.control.25.fury.fear_roar,-1,22.25,1855659,ok
2026-04-19T21:40:09,might.control.25.honor.duel_challenge,-1,22.24,1645920,ok
2026-04-19T21:40:31,might.control.25.shield.shove,-1,22.23,1462173,ok
2026-04-19T21:40:53,might.control.25.spear.pin,-1,22.28,1662929,ok
2026-04-19T21:41:16,might.control.25.unarmed.joint_lock,-1,22.26,1898342,ok
2026-04-19T21:41:38,might.control.50.blade.hamstring,-1,22.25,1761219,ok
2026-04-19T21:42:00,might.control.50.blunt.bull_rush,-1,22.25,1765655,ok
2026-04-19T21:42:22,might.control.50.fury.rampage_terror,-1,22.27,1990795,ok
2026-04-19T21:42:45,might.control.50.honor.formal_duel,-1,22.24,1860695,ok
2026-04-19T21:43:07,might.control.50.shield.shield_slam,-1,22.24,1428483,ok
2026-04-19T21:43:29,might.control.50.spear.impale_pin,-1,22.26,1725658,ok
2026-04-19T21:43:51,might.control.50.unarmed.grapple,-1,22.26,1758252,ok
2026-04-19T21:44:14,might.control.75.blade.bleedstorm,-1,22.28,2095734,ok
2026-04-19T21:44:36,might.control.75.blunt.ground_pound,-1,22.26,1530267,ok
2026-04-19T21:44:58,might.control.75.fury.bloodrage_terror,-1,22.24,1784744,ok
2026-04-19T21:45:21,might.control.75.honor.champion_challenge,-1,22.25,1574937,ok
2026-04-19T21:45:43,might.control.75.shield.shieldwall_press,-1,22.25,1811386,ok
2026-04-19T21:46:05,might.control.75.spear.phalanx_pin,-1,22.24,1712495,ok
2026-04-19T21:46:27,might.control.75.unarmed.whirling_hold,-1,22.24,1781674,ok
2026-04-19T21:46:49,might.control.100.blade.crippling_cut,-1,22.22,1465380,ok
2026-04-19T21:47:12,might.control.100.blunt.grapple_lock,-1,22.25,2045579,ok
2026-04-19T21:47:34,might.control.100.fury.primal_terror,-1,22.24,2000626,ok
2026-04-19T21:47:56,might.control.100.honor.oath_of_binding,-1,22.26,2006449,ok
2026-04-19T21:48:18,might.control.100.shield.shield_prison,-1,22.19,1955259,ok
2026-04-19T21:48:41,might.control.100.spear.skewer_eternal,-1,22.21,1908937,ok
2026-04-19T21:49:03,might.defense.25.blade.riposte,-1,22.21,1320835,ok
2026-04-19T21:49:25,might.defense.25.honor.disciplined_block,-1,22.53,1660599,ok
2026-04-19T21:49:48,might.defense.25.shield.shield_parry,-1,21.90,1376793,ok
2026-04-19T21:50:09,might.defense.25.spear.shaft_block,-1,22.15,946844,ok
2026-04-19T21:50:32,might.defense.25.unarmed.deflect_palm,-1,22.23,1077532,ok
2026-04-19T21:50:54,might.defense.50.blade.weaponform,-1,22.20,1468754,ok
2026-04-19T21:51:16,might.defense.50.honor.vigilant_guard,-1,22.24,1935534,ok
2026-04-19T21:51:38,might.defense.50.shield.shield_wall,-1,22.26,1786273,ok
2026-04-19T21:52:01,might.defense.50.spear.phalanx,-1,22.24,1507045,ok
2026-04-19T21:52:23,might.defense.50.unarmed.iron_body,-1,22.27,1714716,ok
2026-04-19T21:52:45,might.defense.75.blade.blade_bastion,-1,22.22,955823,ok
2026-04-19T21:53:07,might.defense.75.honor.unbreakable_oath,-1,22.23,1689032,ok
2026-04-19T21:53:30,might.defense.75.shield.iron_guard,-1,22.22,1294087,ok
2026-04-19T21:53:52,might.defense.75.spear.impenetrable,-1,22.17,1857937,ok
2026-04-19T21:54:14,might.defense.75.unarmed.diamond_body,-1,22.21,1162141,ok
2026-04-19T21:54:36,might.defense.100.blade.perfect_sword,-1,22.22,1329022,ok
2026-04-19T21:54:58,might.defense.100.honor.knights_valor,-1,22.24,1857264,ok
2026-04-19T21:55:21,might.defense.100.shield.last_stand,-1,22.21,1256368,ok
2026-04-19T21:55:43,might.defense.100.spear.final_guard,-1,22.22,1323096,ok
2026-04-19T21:56:05,might.defense.100.unarmed.ironbody_eternal,-1,22.26,1670352,ok
2026-04-19T21:56:27,might.offense.25.blade.sharp_cut,-1,22.20,1006723,ok
2026-04-19T21:56:50,might.offense.25.blunt.heavy_smash,-1,22.24,1375995,ok
2026-04-19T21:57:12,might.offense.25.fury.wild_strike,-1,22.25,2012755,ok
2026-04-19T21:57:34,might.offense.25.honor.precise_cut,-1,22.23,1244839,ok
2026-04-19T21:57:56,might.offense.25.shield.shield_bash,-1,22.23,1369780,ok
2026-04-19T21:58:18,might.offense.25.spear.sharp_thrust,-1,22.21,1074532,ok
2026-04-19T21:58:41,might.offense.25.unarmed.heavy_fist,-1,22.24,1414502,ok
2026-04-19T21:59:03,might.offense.50.blade.flashing_blade,-1,22.21,860519,ok
2026-04-19T21:59:25,might.offense.50.blunt.concussive_sweep,-1,22.24,1289538,ok
2026-04-19T21:59:47,might.offense.50.fury.rampage,-1,22.13,1704912,ok
2026-04-19T22:00:09,might.offense.50.honor.line_strike,-1,22.23,1792327,ok
2026-04-19T22:00:32,might.offense.50.shield.bash_sweep,-1,22.41,1780883,ok
2026-04-19T22:00:54,might.offense.50.spear.spear_sweep,-1,22.31,1135232,ok
2026-04-19T22:01:16,might.offense.50.unarmed.palm_wave,-1,22.22,1576897,ok
2026-04-19T22:01:39,might.offense.75.blade.whirlblade,-1,22.25,1361583,ok
2026-04-19T22:02:01,might.offense.75.blunt.earthshaker,-1,21.81,1518180,ok
2026-04-19T22:02:23,might.offense.75.fury.bloodrage,-1,22.27,1993117,ok
2026-04-19T22:02:45,might.offense.75.honor.champion_strike,-1,22.23,1852404,ok
2026-04-19T22:03:07,might.offense.75.shield.shield_storm,-1,21.96,1831561,ok
2026-04-19T22:03:29,might.offense.75.spear.spin_thrust,-1,21.53,1041873,ok
2026-04-19T22:03:51,might.offense.75.unarmed.hurricane_fist,-1,22.28,1661229,ok
2026-04-19T22:04:13,might.offense.100.blade.headsman,-1,22.23,1361491,ok
2026-04-19T22:04:35,might.offense.100.blunt.skullcrusher,-1,22.22,1363636,ok
2026-04-19T22:04:57,might.offense.100.fury.berserker_fury,-1,22.04,2019434,ok
2026-04-19T22:05:19,might.offense.100.honor.final_duel,-1,21.87,1953412,ok
2026-04-19T22:05:41,might.offense.100.shield.shield_crush,-1,22.11,1337407,ok
2026-04-19T22:06:03,might.offense.100.spear.impaling_doom,-1,22.23,1250366,ok
2026-04-19T22:06:26,might.offense.100.unarmed.death_blow,-1,22.15,1318345,ok
2026-04-19T22:06:48,might.sustain.25.fury.second_wind,-1,22.12,1680009,ok
2026-04-19T22:07:10,might.sustain.25.honor.oathbound_recover,-1,22.07,1902379,ok
2026-04-19T22:07:32,might.sustain.25.shield.shield_recover,-1,22.10,1558440,ok
2026-04-19T22:07:54,might.sustain.25.unarmed.breath_focus,-1,22.14,1589662,ok
2026-04-19T22:08:16,might.sustain.50.fury.battle_rage,-1,22.28,1927397,ok
2026-04-19T22:08:39,might.sustain.50.honor.oath_renewal,-1,22.24,1457628,ok
2026-04-19T22:09:01,might.sustain.50.shield.guardian_rest,-1,22.22,2071494,ok
2026-04-19T22:09:23,might.sustain.50.unarmed.focused_recovery,-1,22.17,1770364,ok
2026-04-19T22:09:45,might.sustain.75.fury.blood_trance,-1,22.19,1569071,ok
2026-04-19T22:10:07,might.sustain.75.honor.undying_oath,-1,22.07,1704077,ok
2026-04-19T22:10:29,might.sustain.75.shield.endurance_wall,-1,22.19,1329365,ok
2026-04-19T22:10:52,might.sustain.75.unarmed.iron_will,-1,22.23,1882462,ok
2026-04-19T22:11:14,might.sustain.100.fury.deathless_rage,-1,22.22,1750794,ok
2026-04-19T22:11:36,might.sustain.100.honor.valor_eternal,-1,22.24,1758145,ok
2026-04-19T22:11:58,might.sustain.100.shield.bastion_eternal,-1,22.20,1429616,ok
2026-04-19T22:12:21,might.sustain.100.unarmed.undying,-1,22.27,1698885,ok
2026-04-19T22:12:43,might.threat.25.blade.baited_cut,-1,22.27,1776321,ok
2026-04-19T22:13:05,might.threat.25.blunt.thunderous_demand,-1,22.22,1577100,ok
2026-04-19T22:13:27,might.threat.25.fury.roar,-1,22.07,1409589,ok
2026-04-19T22:13:49,might.threat.25.honor.code_duel,-1,22.17,1334908,ok
2026-04-19T22:14:12,might.threat.25.shield.shield_challenge,-1,22.36,1742103,ok
2026-04-19T22:14:34,might.threat.25.spear.pointed_dare,-1,22.55,793576,ok
2026-04-19T22:14:56,might.threat.50.blade.weaving_threat,-1,22.63,1374192,ok
2026-04-19T22:15:19,might.threat.50.blunt.war_cry,-1,22.78,1769347,ok
2026-04-19T22:15:42,might.threat.50.fury.mass_roar,-1,22.68,2106705,ok
2026-04-19T22:16:05,might.threat.50.honor.honor_call,-1,22.72,1484774,ok
2026-04-19T22:16:27,might.threat.50.shield.shieldwall_call,-1,22.41,1641812,ok
2026-04-19T22:16:50,might.threat.50.spear.spearline_dare,-1,22.25,1216877,ok
2026-04-19T22:17:12,might.threat.75.blade.blade_presence,-1,22.25,1353715,ok
2026-04-19T22:17:34,might.threat.75.blunt.iron_presence,-1,22.14,1855079,ok
2026-04-19T22:17:56,might.threat.75.fury.terror_aura,-1,22.11,1803051,ok
2026-04-19T22:18:18,might.threat.75.honor.champion_aura,-1,22.23,1877902,ok
2026-04-19T22:18:41,might.threat.75.shield.bastion_aura,-1,22.19,2175359,ok
2026-04-19T22:19:03,might.threat.75.spear.spear_presence,-1,22.12,1091253,ok
2026-04-19T22:19:25,might.threat.100.blade.sword_sovereign,-1,22.23,1746329,ok
2026-04-19T22:19:47,might.threat.100.blunt.king_of_fools,-1,22.42,1977130,ok
2026-04-19T22:20:10,might.threat.100.fury.berserker_king,-1,22.18,1935366,ok
2026-04-19T22:20:32,might.threat.100.honor.sovereign_duel,-1,22.24,2000283,ok
2026-04-19T22:20:54,might.threat.100.shield.bastion_supreme,-1,22.22,1384590,ok
2026-04-19T22:21:16,might.threat.100.spear.phalanx_command,-1,22.14,1303101,ok
